/*
Navicat MySQL Data Transfer

Source Server         : xy
Source Server Version : 50067
Source Host           : localhost:3306
Source Database       : ssc

Target Server Type    : MYSQL
Target Server Version : 50067
File Encoding         : 65001

Date: 2012-09-16 18:54:09
*/

SET FOREIGN_KEY_CHECKS=0;
-- ----------------------------
-- Table structure for `bet_record`
-- ----------------------------
DROP TABLE IF EXISTS `bet_record`;
CREATE TABLE `bet_record` (
  `bet_id` bigint(20) NOT NULL auto_increment,
  `u_id` bigint(20) NOT NULL,
  `b_issue` varchar(20) NOT NULL,
  `project_id` bigint(20) default NULL,
  `category_number` varchar(10) default NULL,
  `bet_number` varchar(20) default NULL,
  `bet_multi` int(11) default NULL,
  `bet_fee` int(11) default NULL,
  `bet_bonus` bigint(20) default NULL,
  `bet_status` int(11) default NULL,
  `bet_date` datetime default NULL,
  PRIMARY KEY  (`bet_id`)
) ENGINE=InnoDB AUTO_INCREMENT=838 DEFAULT CHARSET=utf8;

-- ----------------------------
-- Records of bet_record
-- ----------------------------
INSERT INTO `bet_record` VALUES ('115', '1', '20110825-003', '9', '3011', '_,_,_,_,3', '1', '2', '0', '0', '2011-08-25 22:06:39');
INSERT INTO `bet_record` VALUES ('116', '1', '20110825-003', '9', '3011', '_,_,_,_,4', '1', '2', '0', '0', '2011-08-25 22:06:39');
INSERT INTO `bet_record` VALUES ('117', '1', '20110825-003', '9', '312', '1,2,3,3,4', '1', '2', '0', '0', '2011-08-25 22:06:39');
INSERT INTO `bet_record` VALUES ('118', '1', '20110825-003', '9', '312', '1,2,3,3,5', '1', '2', '0', '0', '2011-08-25 22:06:39');
INSERT INTO `bet_record` VALUES ('119', '1', '20110825-003', '9', '312', '1,2,3,4,4', '1', '2', '0', '0', '2011-08-25 22:06:39');
INSERT INTO `bet_record` VALUES ('120', '1', '20110825-003', '9', '312', '1,2,3,4,5', '1', '2', '0', '0', '2011-08-25 22:06:39');
INSERT INTO `bet_record` VALUES ('121', '1', '20110825-003', '9', '312', '1,3,3,3,4', '1', '2', '0', '0', '2011-08-25 22:06:39');
INSERT INTO `bet_record` VALUES ('122', '1', '20110825-003', '9', '312', '1,3,3,3,5', '1', '2', '0', '0', '2011-08-25 22:06:39');
INSERT INTO `bet_record` VALUES ('123', '1', '20110825-003', '9', '312', '1,3,3,4,4', '1', '2', '0', '0', '2011-08-25 22:06:39');
INSERT INTO `bet_record` VALUES ('124', '1', '20110825-003', '9', '312', '1,3,3,4,5', '1', '2', '0', '0', '2011-08-25 22:06:39');
INSERT INTO `bet_record` VALUES ('125', '1', '20110825-003', '9', '312', '3,2,3,3,4', '1', '2', '0', '0', '2011-08-25 22:06:39');
INSERT INTO `bet_record` VALUES ('126', '1', '20110825-003', '9', '312', '3,2,3,3,5', '1', '2', '0', '0', '2011-08-25 22:06:39');
INSERT INTO `bet_record` VALUES ('127', '1', '20110825-003', '9', '312', '3,2,3,4,4', '1', '2', '0', '0', '2011-08-25 22:06:39');
INSERT INTO `bet_record` VALUES ('128', '1', '20110825-003', '9', '312', '3,2,3,4,5', '1', '2', '0', '0', '2011-08-25 22:06:39');
INSERT INTO `bet_record` VALUES ('129', '1', '20110825-003', '9', '312', '3,3,3,3,4', '1', '2', '0', '0', '2011-08-25 22:06:39');
INSERT INTO `bet_record` VALUES ('130', '1', '20110825-003', '9', '312', '3,3,3,3,5', '1', '2', '0', '0', '2011-08-25 22:06:39');
INSERT INTO `bet_record` VALUES ('131', '1', '20110825-003', '9', '312', '3,3,3,4,4', '1', '2', '0', '0', '2011-08-25 22:06:39');
INSERT INTO `bet_record` VALUES ('132', '1', '20110825-003', '9', '312', '3,3,3,4,5', '1', '2', '0', '0', '2011-08-25 22:06:39');
INSERT INTO `bet_record` VALUES ('133', '1', '20110825-003', '9', '312', '2,2,3,3,4', '1', '2', '0', '0', '2011-08-25 22:06:39');
INSERT INTO `bet_record` VALUES ('134', '1', '20110825-003', '9', '312', '2,2,3,3,5', '1', '2', '0', '0', '2011-08-25 22:06:39');
INSERT INTO `bet_record` VALUES ('135', '1', '20110825-003', '9', '312', '2,2,3,4,4', '1', '2', '0', '0', '2011-08-25 22:06:39');
INSERT INTO `bet_record` VALUES ('136', '1', '20110825-003', '9', '312', '2,2,3,4,5', '1', '2', '0', '0', '2011-08-25 22:06:39');
INSERT INTO `bet_record` VALUES ('137', '1', '20110825-003', '9', '312', '2,3,3,3,4', '1', '2', '0', '0', '2011-08-25 22:06:39');
INSERT INTO `bet_record` VALUES ('138', '1', '20110825-003', '9', '312', '2,3,3,3,5', '1', '2', '0', '0', '2011-08-25 22:06:39');
INSERT INTO `bet_record` VALUES ('139', '1', '20110825-003', '9', '312', '2,3,3,4,4', '1', '2', '0', '0', '2011-08-25 22:06:39');
INSERT INTO `bet_record` VALUES ('140', '1', '20110825-003', '9', '312', '2,3,3,4,5', '1', '2', '0', '0', '2011-08-25 22:06:39');
INSERT INTO `bet_record` VALUES ('141', '1', '20110826-001', '10', '312', '1,2,3,4,5', '4', '8', '0', '0', '2011-08-26 00:00:00');
INSERT INTO `bet_record` VALUES ('142', '1', '20110826-001', '10', '3012', '_,_,_,4,5', '4', '8', '0', '0', '2011-08-26 00:00:00');
INSERT INTO `bet_record` VALUES ('143', '1', '20110826-002', '10', '312', '1,2,3,4,5', '5', '10', '0', '0', '2011-08-26 10:01:08');
INSERT INTO `bet_record` VALUES ('144', '1', '20110826-002', '10', '3012', '_,_,_,4,5', '5', '10', '0', '0', '2011-08-26 10:01:08');
INSERT INTO `bet_record` VALUES ('145', '1', '20110826-030', '11', '305', '8', '5', '90', '0', '0', '2011-08-26 00:00:00');
INSERT INTO `bet_record` VALUES ('146', '1', '20110826-030', '11', '305', '9', '5', '100', '0', '0', '2011-08-26 00:00:00');
INSERT INTO `bet_record` VALUES ('147', '1', '20110826-030', '11', '311', '5', '5', '100', '0', '0', '2011-08-26 00:00:00');
INSERT INTO `bet_record` VALUES ('148', '1', '20110826-030', '11', '311', '3', '5', '100', '0', '0', '2011-08-26 00:00:00');
INSERT INTO `bet_record` VALUES ('149', '1', '20110826-030', '11', '311', '4', '5', '100', '0', '0', '2011-08-26 00:00:00');
INSERT INTO `bet_record` VALUES ('150', '1', '20110826-030', '11', '3013', '_,_,2,4,6', '5', '10', '0', '0', '2011-08-26 00:00:00');
INSERT INTO `bet_record` VALUES ('151', '1', '20110826-031', '11', '305', '8', '3', '54', '0', '0', '2011-08-26 14:51:08');
INSERT INTO `bet_record` VALUES ('152', '1', '20110826-031', '11', '305', '9', '3', '60', '0', '0', '2011-08-26 14:51:08');
INSERT INTO `bet_record` VALUES ('153', '1', '20110826-031', '11', '311', '5', '3', '60', '0', '0', '2011-08-26 14:51:08');
INSERT INTO `bet_record` VALUES ('154', '1', '20110826-031', '11', '311', '3', '3', '60', '0', '0', '2011-08-26 14:51:08');
INSERT INTO `bet_record` VALUES ('155', '1', '20110826-031', '11', '311', '4', '3', '60', '0', '0', '2011-08-26 14:51:08');
INSERT INTO `bet_record` VALUES ('156', '1', '20110826-031', '11', '3013', '_,_,2,4,6', '3', '6', '0', '0', '2011-08-26 14:51:08');
INSERT INTO `bet_record` VALUES ('157', '1', '20110826-050', '12', '312', '1,4,7,1,8', '5', '10', '0', '0', '2011-08-26 00:00:00');
INSERT INTO `bet_record` VALUES ('158', '1', '20110826-050', '12', '312', '1,4,7,1,4', '5', '10', '0', '0', '2011-08-26 00:00:00');
INSERT INTO `bet_record` VALUES ('159', '1', '20110826-050', '12', '312', '1,4,7,1,2', '5', '10', '0', '0', '2011-08-26 00:00:00');
INSERT INTO `bet_record` VALUES ('160', '1', '20110826-050', '12', '312', '1,4,7,5,8', '5', '10', '0', '0', '2011-08-26 00:00:00');
INSERT INTO `bet_record` VALUES ('161', '1', '20110826-050', '12', '312', '1,4,7,5,4', '5', '10', '0', '0', '2011-08-26 00:00:00');
INSERT INTO `bet_record` VALUES ('162', '1', '20110826-050', '12', '312', '1,4,7,5,2', '5', '10', '0', '0', '2011-08-26 00:00:00');
INSERT INTO `bet_record` VALUES ('163', '1', '20110826-050', '12', '312', '1,4,7,9,8', '5', '10', '0', '0', '2011-08-26 00:00:00');
INSERT INTO `bet_record` VALUES ('164', '1', '20110826-050', '12', '312', '1,4,7,9,4', '5', '10', '0', '0', '2011-08-26 00:00:00');
INSERT INTO `bet_record` VALUES ('165', '1', '20110826-050', '12', '312', '1,4,7,9,2', '5', '10', '0', '0', '2011-08-26 00:00:00');
INSERT INTO `bet_record` VALUES ('166', '1', '20110826-050', '12', '312', '1,4,8,1,8', '5', '10', '0', '0', '2011-08-26 00:00:00');
INSERT INTO `bet_record` VALUES ('167', '1', '20110826-050', '12', '312', '1,4,8,1,4', '5', '10', '0', '0', '2011-08-26 00:00:00');
INSERT INTO `bet_record` VALUES ('168', '1', '20110826-050', '12', '312', '1,4,8,1,2', '5', '10', '0', '0', '2011-08-26 00:00:00');
INSERT INTO `bet_record` VALUES ('169', '1', '20110826-050', '12', '312', '1,4,8,5,8', '5', '10', '0', '0', '2011-08-26 00:00:00');
INSERT INTO `bet_record` VALUES ('170', '1', '20110826-050', '12', '312', '1,4,8,5,4', '5', '10', '0', '0', '2011-08-26 00:00:00');
INSERT INTO `bet_record` VALUES ('171', '1', '20110826-050', '12', '312', '1,4,8,5,2', '5', '10', '0', '0', '2011-08-26 00:00:00');
INSERT INTO `bet_record` VALUES ('172', '1', '20110826-050', '12', '312', '1,4,8,9,8', '5', '10', '0', '0', '2011-08-26 00:00:00');
INSERT INTO `bet_record` VALUES ('173', '1', '20110826-050', '12', '312', '1,4,8,9,4', '5', '10', '0', '0', '2011-08-26 00:00:00');
INSERT INTO `bet_record` VALUES ('174', '1', '20110826-050', '12', '312', '1,4,8,9,2', '5', '10', '0', '0', '2011-08-26 00:00:00');
INSERT INTO `bet_record` VALUES ('175', '1', '20110826-050', '12', '312', '1,4,3,1,8', '5', '10', '0', '0', '2011-08-26 00:00:00');
INSERT INTO `bet_record` VALUES ('176', '1', '20110826-050', '12', '312', '1,4,3,1,4', '5', '10', '0', '0', '2011-08-26 00:00:00');
INSERT INTO `bet_record` VALUES ('177', '1', '20110826-050', '12', '312', '1,4,3,1,2', '5', '10', '0', '0', '2011-08-26 00:00:00');
INSERT INTO `bet_record` VALUES ('178', '1', '20110826-050', '12', '312', '1,4,3,5,8', '5', '10', '0', '0', '2011-08-26 00:00:00');
INSERT INTO `bet_record` VALUES ('179', '1', '20110826-050', '12', '312', '1,4,3,5,4', '5', '10', '0', '0', '2011-08-26 00:00:00');
INSERT INTO `bet_record` VALUES ('180', '1', '20110826-050', '12', '312', '1,4,3,5,2', '5', '10', '0', '0', '2011-08-26 00:00:00');
INSERT INTO `bet_record` VALUES ('181', '1', '20110826-050', '12', '312', '1,4,3,9,8', '5', '10', '0', '0', '2011-08-26 00:00:00');
INSERT INTO `bet_record` VALUES ('182', '1', '20110826-050', '12', '312', '1,4,3,9,4', '5', '10', '0', '0', '2011-08-26 00:00:00');
INSERT INTO `bet_record` VALUES ('183', '1', '20110826-050', '12', '312', '1,4,3,9,2', '5', '10', '0', '0', '2011-08-26 00:00:00');
INSERT INTO `bet_record` VALUES ('184', '1', '20110826-050', '12', '312', '1,2,7,1,8', '5', '10', '0', '0', '2011-08-26 00:00:00');
INSERT INTO `bet_record` VALUES ('185', '1', '20110826-050', '12', '312', '1,2,7,1,4', '5', '10', '0', '0', '2011-08-26 00:00:00');
INSERT INTO `bet_record` VALUES ('186', '1', '20110826-050', '12', '312', '1,2,7,1,2', '5', '10', '0', '0', '2011-08-26 00:00:00');
INSERT INTO `bet_record` VALUES ('187', '1', '20110826-050', '12', '312', '1,2,7,5,8', '5', '10', '0', '0', '2011-08-26 00:00:00');
INSERT INTO `bet_record` VALUES ('188', '1', '20110826-050', '12', '312', '1,2,7,5,4', '5', '10', '0', '0', '2011-08-26 00:00:00');
INSERT INTO `bet_record` VALUES ('189', '1', '20110826-050', '12', '312', '1,2,7,5,2', '5', '10', '0', '0', '2011-08-26 00:00:00');
INSERT INTO `bet_record` VALUES ('190', '1', '20110826-050', '12', '312', '1,2,7,9,8', '5', '10', '0', '0', '2011-08-26 00:00:00');
INSERT INTO `bet_record` VALUES ('191', '1', '20110826-050', '12', '312', '1,2,7,9,4', '5', '10', '0', '0', '2011-08-26 00:00:00');
INSERT INTO `bet_record` VALUES ('192', '1', '20110826-050', '12', '312', '1,2,7,9,2', '5', '10', '0', '0', '2011-08-26 00:00:00');
INSERT INTO `bet_record` VALUES ('193', '1', '20110826-050', '12', '312', '1,2,8,1,8', '5', '10', '0', '0', '2011-08-26 00:00:00');
INSERT INTO `bet_record` VALUES ('194', '1', '20110826-050', '12', '312', '1,2,8,1,4', '5', '10', '0', '0', '2011-08-26 00:00:00');
INSERT INTO `bet_record` VALUES ('195', '1', '20110826-050', '12', '312', '1,2,8,1,2', '5', '10', '0', '0', '2011-08-26 00:00:00');
INSERT INTO `bet_record` VALUES ('196', '1', '20110826-050', '12', '312', '1,2,8,5,8', '5', '10', '0', '0', '2011-08-26 00:00:00');
INSERT INTO `bet_record` VALUES ('197', '1', '20110826-050', '12', '312', '1,2,8,5,4', '5', '10', '0', '0', '2011-08-26 00:00:00');
INSERT INTO `bet_record` VALUES ('198', '1', '20110826-050', '12', '312', '1,2,8,5,2', '5', '10', '0', '0', '2011-08-26 00:00:00');
INSERT INTO `bet_record` VALUES ('199', '1', '20110826-050', '12', '312', '1,2,8,9,8', '5', '10', '0', '0', '2011-08-26 00:00:00');
INSERT INTO `bet_record` VALUES ('200', '1', '20110826-050', '12', '312', '1,2,8,9,4', '5', '10', '0', '0', '2011-08-26 00:00:00');
INSERT INTO `bet_record` VALUES ('201', '1', '20110826-050', '12', '312', '1,2,8,9,2', '5', '10', '0', '0', '2011-08-26 00:00:00');
INSERT INTO `bet_record` VALUES ('202', '1', '20110826-050', '12', '312', '1,2,3,1,8', '5', '10', '0', '0', '2011-08-26 00:00:00');
INSERT INTO `bet_record` VALUES ('203', '1', '20110826-050', '12', '312', '1,2,3,1,4', '5', '10', '0', '0', '2011-08-26 00:00:00');
INSERT INTO `bet_record` VALUES ('204', '1', '20110826-050', '12', '312', '1,2,3,1,2', '5', '10', '0', '0', '2011-08-26 00:00:00');
INSERT INTO `bet_record` VALUES ('205', '1', '20110826-050', '12', '312', '1,2,3,5,8', '5', '10', '0', '0', '2011-08-26 00:00:00');
INSERT INTO `bet_record` VALUES ('206', '1', '20110826-050', '12', '312', '1,2,3,5,4', '5', '10', '0', '0', '2011-08-26 00:00:00');
INSERT INTO `bet_record` VALUES ('207', '1', '20110826-050', '12', '312', '1,2,3,5,2', '5', '10', '0', '0', '2011-08-26 00:00:00');
INSERT INTO `bet_record` VALUES ('208', '1', '20110826-050', '12', '312', '1,2,3,9,8', '5', '10', '0', '0', '2011-08-26 00:00:00');
INSERT INTO `bet_record` VALUES ('209', '1', '20110826-050', '12', '312', '1,2,3,9,4', '5', '10', '0', '0', '2011-08-26 00:00:00');
INSERT INTO `bet_record` VALUES ('210', '1', '20110826-050', '12', '312', '1,2,3,9,2', '5', '10', '0', '0', '2011-08-26 00:00:00');
INSERT INTO `bet_record` VALUES ('211', '1', '20110826-050', '12', '312', '1,6,7,1,8', '5', '10', '0', '0', '2011-08-26 00:00:00');
INSERT INTO `bet_record` VALUES ('212', '1', '20110826-050', '12', '312', '1,6,7,1,4', '5', '10', '0', '0', '2011-08-26 00:00:00');
INSERT INTO `bet_record` VALUES ('213', '1', '20110826-050', '12', '312', '1,6,7,1,2', '5', '10', '0', '0', '2011-08-26 00:00:00');
INSERT INTO `bet_record` VALUES ('214', '1', '20110826-050', '12', '312', '1,6,7,5,8', '5', '10', '0', '0', '2011-08-26 00:00:00');
INSERT INTO `bet_record` VALUES ('215', '1', '20110826-050', '12', '312', '1,6,7,5,4', '5', '10', '0', '0', '2011-08-26 00:00:00');
INSERT INTO `bet_record` VALUES ('216', '1', '20110826-050', '12', '312', '1,6,7,5,2', '5', '10', '0', '0', '2011-08-26 00:00:00');
INSERT INTO `bet_record` VALUES ('217', '1', '20110826-050', '12', '312', '1,6,7,9,8', '5', '10', '0', '0', '2011-08-26 00:00:00');
INSERT INTO `bet_record` VALUES ('218', '1', '20110826-050', '12', '312', '1,6,7,9,4', '5', '10', '0', '0', '2011-08-26 00:00:00');
INSERT INTO `bet_record` VALUES ('219', '1', '20110826-050', '12', '312', '1,6,7,9,2', '5', '10', '0', '0', '2011-08-26 00:00:00');
INSERT INTO `bet_record` VALUES ('220', '1', '20110826-050', '12', '312', '1,6,8,1,8', '5', '10', '0', '0', '2011-08-26 00:00:00');
INSERT INTO `bet_record` VALUES ('221', '1', '20110826-050', '12', '312', '1,6,8,1,4', '5', '10', '0', '0', '2011-08-26 00:00:00');
INSERT INTO `bet_record` VALUES ('222', '1', '20110826-050', '12', '312', '1,6,8,1,2', '5', '10', '0', '0', '2011-08-26 00:00:00');
INSERT INTO `bet_record` VALUES ('223', '1', '20110826-050', '12', '312', '1,6,8,5,8', '5', '10', '0', '0', '2011-08-26 00:00:00');
INSERT INTO `bet_record` VALUES ('224', '1', '20110826-050', '12', '312', '1,6,8,5,4', '5', '10', '0', '0', '2011-08-26 00:00:00');
INSERT INTO `bet_record` VALUES ('225', '1', '20110826-050', '12', '312', '1,6,8,5,2', '5', '10', '0', '0', '2011-08-26 00:00:00');
INSERT INTO `bet_record` VALUES ('226', '1', '20110826-050', '12', '312', '1,6,8,9,8', '5', '10', '0', '0', '2011-08-26 00:00:00');
INSERT INTO `bet_record` VALUES ('227', '1', '20110826-050', '12', '312', '1,6,8,9,4', '5', '10', '0', '0', '2011-08-26 00:00:00');
INSERT INTO `bet_record` VALUES ('228', '1', '20110826-050', '12', '312', '1,6,8,9,2', '5', '10', '0', '0', '2011-08-26 00:00:00');
INSERT INTO `bet_record` VALUES ('229', '1', '20110826-050', '12', '312', '1,6,3,1,8', '5', '10', '0', '0', '2011-08-26 00:00:00');
INSERT INTO `bet_record` VALUES ('230', '1', '20110826-050', '12', '312', '1,6,3,1,4', '5', '10', '0', '0', '2011-08-26 00:00:00');
INSERT INTO `bet_record` VALUES ('231', '1', '20110826-050', '12', '312', '1,6,3,1,2', '5', '10', '0', '0', '2011-08-26 00:00:00');
INSERT INTO `bet_record` VALUES ('232', '1', '20110826-050', '12', '312', '1,6,3,5,8', '5', '10', '0', '0', '2011-08-26 00:00:00');
INSERT INTO `bet_record` VALUES ('233', '1', '20110826-050', '12', '312', '1,6,3,5,4', '5', '10', '0', '0', '2011-08-26 00:00:00');
INSERT INTO `bet_record` VALUES ('234', '1', '20110826-050', '12', '312', '1,6,3,5,2', '5', '10', '0', '0', '2011-08-26 00:00:00');
INSERT INTO `bet_record` VALUES ('235', '1', '20110826-050', '12', '312', '1,6,3,9,8', '5', '10', '0', '0', '2011-08-26 00:00:00');
INSERT INTO `bet_record` VALUES ('236', '1', '20110826-050', '12', '312', '1,6,3,9,4', '5', '10', '0', '0', '2011-08-26 00:00:00');
INSERT INTO `bet_record` VALUES ('237', '1', '20110826-050', '12', '312', '1,6,3,9,2', '5', '10', '0', '0', '2011-08-26 00:00:00');
INSERT INTO `bet_record` VALUES ('238', '1', '20110826-050', '12', '312', '3,4,7,1,8', '5', '10', '0', '0', '2011-08-26 00:00:00');
INSERT INTO `bet_record` VALUES ('239', '1', '20110826-050', '12', '312', '3,4,7,1,4', '5', '10', '0', '0', '2011-08-26 00:00:00');
INSERT INTO `bet_record` VALUES ('240', '1', '20110826-050', '12', '312', '3,4,7,1,2', '5', '10', '0', '0', '2011-08-26 00:00:00');
INSERT INTO `bet_record` VALUES ('241', '1', '20110826-050', '12', '312', '3,4,7,5,8', '5', '10', '0', '0', '2011-08-26 00:00:00');
INSERT INTO `bet_record` VALUES ('242', '1', '20110826-050', '12', '312', '3,4,7,5,4', '5', '10', '0', '0', '2011-08-26 00:00:00');
INSERT INTO `bet_record` VALUES ('243', '1', '20110826-050', '12', '312', '3,4,7,5,2', '5', '10', '0', '0', '2011-08-26 00:00:00');
INSERT INTO `bet_record` VALUES ('244', '1', '20110826-050', '12', '312', '3,4,7,9,8', '5', '10', '0', '0', '2011-08-26 00:00:00');
INSERT INTO `bet_record` VALUES ('245', '1', '20110826-050', '12', '312', '3,4,7,9,4', '5', '10', '0', '0', '2011-08-26 00:00:00');
INSERT INTO `bet_record` VALUES ('246', '1', '20110826-050', '12', '312', '3,4,7,9,2', '5', '10', '0', '0', '2011-08-26 00:00:00');
INSERT INTO `bet_record` VALUES ('247', '1', '20110826-050', '12', '312', '3,4,8,1,8', '5', '10', '0', '0', '2011-08-26 00:00:00');
INSERT INTO `bet_record` VALUES ('248', '1', '20110826-050', '12', '312', '3,4,8,1,4', '5', '10', '0', '0', '2011-08-26 00:00:00');
INSERT INTO `bet_record` VALUES ('249', '1', '20110826-050', '12', '312', '3,4,8,1,2', '5', '10', '0', '0', '2011-08-26 00:00:00');
INSERT INTO `bet_record` VALUES ('250', '1', '20110826-050', '12', '312', '3,4,8,5,8', '5', '10', '0', '0', '2011-08-26 00:00:00');
INSERT INTO `bet_record` VALUES ('251', '1', '20110826-050', '12', '312', '3,4,8,5,4', '5', '10', '0', '0', '2011-08-26 00:00:00');
INSERT INTO `bet_record` VALUES ('252', '1', '20110826-050', '12', '312', '3,4,8,5,2', '5', '10', '0', '0', '2011-08-26 00:00:00');
INSERT INTO `bet_record` VALUES ('253', '1', '20110826-050', '12', '312', '3,4,8,9,8', '5', '10', '0', '0', '2011-08-26 00:00:00');
INSERT INTO `bet_record` VALUES ('254', '1', '20110826-050', '12', '312', '3,4,8,9,4', '5', '10', '0', '0', '2011-08-26 00:00:00');
INSERT INTO `bet_record` VALUES ('255', '1', '20110826-050', '12', '312', '3,4,8,9,2', '5', '10', '0', '0', '2011-08-26 00:00:00');
INSERT INTO `bet_record` VALUES ('256', '1', '20110826-050', '12', '312', '3,4,3,1,8', '5', '10', '0', '0', '2011-08-26 00:00:00');
INSERT INTO `bet_record` VALUES ('257', '1', '20110826-050', '12', '312', '3,4,3,1,4', '5', '10', '0', '0', '2011-08-26 00:00:00');
INSERT INTO `bet_record` VALUES ('258', '1', '20110826-050', '12', '312', '3,4,3,1,2', '5', '10', '0', '0', '2011-08-26 00:00:00');
INSERT INTO `bet_record` VALUES ('259', '1', '20110826-050', '12', '312', '3,4,3,5,8', '5', '10', '0', '0', '2011-08-26 00:00:00');
INSERT INTO `bet_record` VALUES ('260', '1', '20110826-050', '12', '312', '3,4,3,5,4', '5', '10', '0', '0', '2011-08-26 00:00:00');
INSERT INTO `bet_record` VALUES ('261', '1', '20110826-050', '12', '312', '3,4,3,5,2', '5', '10', '0', '0', '2011-08-26 00:00:00');
INSERT INTO `bet_record` VALUES ('262', '1', '20110826-050', '12', '312', '3,4,3,9,8', '5', '10', '0', '0', '2011-08-26 00:00:00');
INSERT INTO `bet_record` VALUES ('263', '1', '20110826-050', '12', '312', '3,4,3,9,4', '5', '10', '0', '0', '2011-08-26 00:00:00');
INSERT INTO `bet_record` VALUES ('264', '1', '20110826-050', '12', '312', '3,4,3,9,2', '5', '10', '0', '0', '2011-08-26 00:00:00');
INSERT INTO `bet_record` VALUES ('265', '1', '20110826-050', '12', '312', '3,2,7,1,8', '5', '10', '0', '0', '2011-08-26 00:00:00');
INSERT INTO `bet_record` VALUES ('266', '1', '20110826-050', '12', '312', '3,2,7,1,4', '5', '10', '0', '0', '2011-08-26 00:00:00');
INSERT INTO `bet_record` VALUES ('267', '1', '20110826-050', '12', '312', '3,2,7,1,2', '5', '10', '0', '0', '2011-08-26 00:00:00');
INSERT INTO `bet_record` VALUES ('268', '1', '20110826-050', '12', '312', '3,2,7,5,8', '5', '10', '0', '0', '2011-08-26 00:00:00');
INSERT INTO `bet_record` VALUES ('269', '1', '20110826-050', '12', '312', '3,2,7,5,4', '5', '10', '0', '0', '2011-08-26 00:00:00');
INSERT INTO `bet_record` VALUES ('270', '1', '20110826-050', '12', '312', '3,2,7,5,2', '5', '10', '0', '0', '2011-08-26 00:00:00');
INSERT INTO `bet_record` VALUES ('271', '1', '20110826-050', '12', '312', '3,2,7,9,8', '5', '10', '0', '0', '2011-08-26 00:00:00');
INSERT INTO `bet_record` VALUES ('272', '1', '20110826-050', '12', '312', '3,2,7,9,4', '5', '10', '0', '0', '2011-08-26 00:00:00');
INSERT INTO `bet_record` VALUES ('273', '1', '20110826-050', '12', '312', '3,2,7,9,2', '5', '10', '0', '0', '2011-08-26 00:00:00');
INSERT INTO `bet_record` VALUES ('274', '1', '20110826-050', '12', '312', '3,2,8,1,8', '5', '10', '0', '0', '2011-08-26 00:00:00');
INSERT INTO `bet_record` VALUES ('275', '1', '20110826-050', '12', '312', '3,2,8,1,4', '5', '10', '0', '0', '2011-08-26 00:00:00');
INSERT INTO `bet_record` VALUES ('276', '1', '20110826-050', '12', '312', '3,2,8,1,2', '5', '10', '0', '0', '2011-08-26 00:00:00');
INSERT INTO `bet_record` VALUES ('277', '1', '20110826-050', '12', '312', '3,2,8,5,8', '5', '10', '0', '0', '2011-08-26 00:00:00');
INSERT INTO `bet_record` VALUES ('278', '1', '20110826-050', '12', '312', '3,2,8,5,4', '5', '10', '0', '0', '2011-08-26 00:00:00');
INSERT INTO `bet_record` VALUES ('279', '1', '20110826-050', '12', '312', '3,2,8,5,2', '5', '10', '0', '0', '2011-08-26 00:00:00');
INSERT INTO `bet_record` VALUES ('280', '1', '20110826-050', '12', '312', '3,2,8,9,8', '5', '10', '0', '0', '2011-08-26 00:00:00');
INSERT INTO `bet_record` VALUES ('281', '1', '20110826-050', '12', '312', '3,2,8,9,4', '5', '10', '0', '0', '2011-08-26 00:00:00');
INSERT INTO `bet_record` VALUES ('282', '1', '20110826-050', '12', '312', '3,2,8,9,2', '5', '10', '0', '0', '2011-08-26 00:00:00');
INSERT INTO `bet_record` VALUES ('283', '1', '20110826-050', '12', '312', '3,2,3,1,8', '5', '10', '0', '0', '2011-08-26 00:00:00');
INSERT INTO `bet_record` VALUES ('284', '1', '20110826-050', '12', '312', '3,2,3,1,4', '5', '10', '0', '0', '2011-08-26 00:00:00');
INSERT INTO `bet_record` VALUES ('285', '1', '20110826-050', '12', '312', '3,2,3,1,2', '5', '10', '0', '0', '2011-08-26 00:00:00');
INSERT INTO `bet_record` VALUES ('286', '1', '20110826-050', '12', '312', '3,2,3,5,8', '5', '10', '0', '0', '2011-08-26 00:00:00');
INSERT INTO `bet_record` VALUES ('287', '1', '20110826-050', '12', '312', '3,2,3,5,4', '5', '10', '0', '0', '2011-08-26 00:00:00');
INSERT INTO `bet_record` VALUES ('288', '1', '20110826-050', '12', '312', '3,2,3,5,2', '5', '10', '0', '0', '2011-08-26 00:00:00');
INSERT INTO `bet_record` VALUES ('289', '1', '20110826-050', '12', '312', '3,2,3,9,8', '5', '10', '0', '0', '2011-08-26 00:00:00');
INSERT INTO `bet_record` VALUES ('290', '1', '20110826-050', '12', '312', '3,2,3,9,4', '5', '10', '0', '0', '2011-08-26 00:00:00');
INSERT INTO `bet_record` VALUES ('291', '1', '20110826-050', '12', '312', '3,2,3,9,2', '5', '10', '0', '0', '2011-08-26 00:00:00');
INSERT INTO `bet_record` VALUES ('292', '1', '20110826-050', '12', '312', '3,6,7,1,8', '5', '10', '0', '0', '2011-08-26 00:00:00');
INSERT INTO `bet_record` VALUES ('293', '1', '20110826-050', '12', '312', '3,6,7,1,4', '5', '10', '0', '0', '2011-08-26 00:00:00');
INSERT INTO `bet_record` VALUES ('294', '1', '20110826-050', '12', '312', '3,6,7,1,2', '5', '10', '0', '0', '2011-08-26 00:00:00');
INSERT INTO `bet_record` VALUES ('295', '1', '20110826-050', '12', '312', '3,6,7,5,8', '5', '10', '0', '0', '2011-08-26 00:00:00');
INSERT INTO `bet_record` VALUES ('296', '1', '20110826-050', '12', '312', '3,6,7,5,4', '5', '10', '0', '0', '2011-08-26 00:00:00');
INSERT INTO `bet_record` VALUES ('297', '1', '20110826-050', '12', '312', '3,6,7,5,2', '5', '10', '0', '0', '2011-08-26 00:00:00');
INSERT INTO `bet_record` VALUES ('298', '1', '20110826-050', '12', '312', '3,6,7,9,8', '5', '10', '0', '0', '2011-08-26 00:00:00');
INSERT INTO `bet_record` VALUES ('299', '1', '20110826-050', '12', '312', '3,6,7,9,4', '5', '10', '0', '0', '2011-08-26 00:00:00');
INSERT INTO `bet_record` VALUES ('300', '1', '20110826-050', '12', '312', '3,6,7,9,2', '5', '10', '0', '0', '2011-08-26 00:00:00');
INSERT INTO `bet_record` VALUES ('301', '1', '20110826-050', '12', '312', '3,6,8,1,8', '5', '10', '0', '0', '2011-08-26 00:00:00');
INSERT INTO `bet_record` VALUES ('302', '1', '20110826-050', '12', '312', '3,6,8,1,4', '5', '10', '0', '0', '2011-08-26 00:00:00');
INSERT INTO `bet_record` VALUES ('303', '1', '20110826-050', '12', '312', '3,6,8,1,2', '5', '10', '0', '0', '2011-08-26 00:00:00');
INSERT INTO `bet_record` VALUES ('304', '1', '20110826-050', '12', '312', '3,6,8,5,8', '5', '10', '0', '0', '2011-08-26 00:00:00');
INSERT INTO `bet_record` VALUES ('305', '1', '20110826-050', '12', '312', '3,6,8,5,4', '5', '10', '0', '0', '2011-08-26 00:00:00');
INSERT INTO `bet_record` VALUES ('306', '1', '20110826-050', '12', '312', '3,6,8,5,2', '5', '10', '0', '0', '2011-08-26 00:00:00');
INSERT INTO `bet_record` VALUES ('307', '1', '20110826-050', '12', '312', '3,6,8,9,8', '5', '10', '0', '0', '2011-08-26 00:00:00');
INSERT INTO `bet_record` VALUES ('308', '1', '20110826-050', '12', '312', '3,6,8,9,4', '5', '10', '0', '0', '2011-08-26 00:00:00');
INSERT INTO `bet_record` VALUES ('309', '1', '20110826-050', '12', '312', '3,6,8,9,2', '5', '10', '0', '0', '2011-08-26 00:00:00');
INSERT INTO `bet_record` VALUES ('310', '1', '20110826-050', '12', '312', '3,6,3,1,8', '5', '10', '0', '0', '2011-08-26 00:00:00');
INSERT INTO `bet_record` VALUES ('311', '1', '20110826-050', '12', '312', '3,6,3,1,4', '5', '10', '0', '0', '2011-08-26 00:00:00');
INSERT INTO `bet_record` VALUES ('312', '1', '20110826-050', '12', '312', '3,6,3,1,2', '5', '10', '0', '0', '2011-08-26 00:00:00');
INSERT INTO `bet_record` VALUES ('313', '1', '20110826-050', '12', '312', '3,6,3,5,8', '5', '10', '0', '0', '2011-08-26 00:00:00');
INSERT INTO `bet_record` VALUES ('314', '1', '20110826-050', '12', '312', '3,6,3,5,4', '5', '10', '0', '0', '2011-08-26 00:00:00');
INSERT INTO `bet_record` VALUES ('315', '1', '20110826-050', '12', '312', '3,6,3,5,2', '5', '10', '0', '0', '2011-08-26 00:00:00');
INSERT INTO `bet_record` VALUES ('316', '1', '20110826-050', '12', '312', '3,6,3,9,8', '5', '10', '0', '0', '2011-08-26 00:00:00');
INSERT INTO `bet_record` VALUES ('317', '1', '20110826-050', '12', '312', '3,6,3,9,4', '5', '10', '0', '0', '2011-08-26 00:00:00');
INSERT INTO `bet_record` VALUES ('318', '1', '20110826-050', '12', '312', '3,6,3,9,2', '5', '10', '0', '0', '2011-08-26 00:00:00');
INSERT INTO `bet_record` VALUES ('319', '1', '20110826-050', '12', '312', '4,4,7,1,8', '5', '10', '0', '0', '2011-08-26 00:00:00');
INSERT INTO `bet_record` VALUES ('320', '1', '20110826-050', '12', '312', '4,4,7,1,4', '5', '10', '0', '0', '2011-08-26 00:00:00');
INSERT INTO `bet_record` VALUES ('321', '1', '20110826-050', '12', '312', '4,4,7,1,2', '5', '10', '0', '0', '2011-08-26 00:00:00');
INSERT INTO `bet_record` VALUES ('322', '1', '20110826-050', '12', '312', '4,4,7,5,8', '5', '10', '0', '0', '2011-08-26 00:00:00');
INSERT INTO `bet_record` VALUES ('323', '1', '20110826-050', '12', '312', '4,4,7,5,4', '5', '10', '0', '0', '2011-08-26 00:00:00');
INSERT INTO `bet_record` VALUES ('324', '1', '20110826-050', '12', '312', '4,4,7,5,2', '5', '10', '0', '0', '2011-08-26 00:00:00');
INSERT INTO `bet_record` VALUES ('325', '1', '20110826-050', '12', '312', '4,4,7,9,8', '5', '10', '0', '0', '2011-08-26 00:00:00');
INSERT INTO `bet_record` VALUES ('326', '1', '20110826-050', '12', '312', '4,4,7,9,4', '5', '10', '0', '0', '2011-08-26 00:00:00');
INSERT INTO `bet_record` VALUES ('327', '1', '20110826-050', '12', '312', '4,4,7,9,2', '5', '10', '0', '0', '2011-08-26 00:00:00');
INSERT INTO `bet_record` VALUES ('328', '1', '20110826-050', '12', '312', '4,4,8,1,8', '5', '10', '0', '0', '2011-08-26 00:00:00');
INSERT INTO `bet_record` VALUES ('329', '1', '20110826-050', '12', '312', '4,4,8,1,4', '5', '10', '0', '0', '2011-08-26 00:00:00');
INSERT INTO `bet_record` VALUES ('330', '1', '20110826-050', '12', '312', '4,4,8,1,2', '5', '10', '0', '0', '2011-08-26 00:00:00');
INSERT INTO `bet_record` VALUES ('331', '1', '20110826-050', '12', '312', '4,4,8,5,8', '5', '10', '0', '0', '2011-08-26 00:00:00');
INSERT INTO `bet_record` VALUES ('332', '1', '20110826-050', '12', '312', '4,4,8,5,4', '5', '10', '0', '0', '2011-08-26 00:00:00');
INSERT INTO `bet_record` VALUES ('333', '1', '20110826-050', '12', '312', '4,4,8,5,2', '5', '10', '0', '0', '2011-08-26 00:00:00');
INSERT INTO `bet_record` VALUES ('334', '1', '20110826-050', '12', '312', '4,4,8,9,8', '5', '10', '0', '0', '2011-08-26 00:00:00');
INSERT INTO `bet_record` VALUES ('335', '1', '20110826-050', '12', '312', '4,4,8,9,4', '5', '10', '0', '0', '2011-08-26 00:00:00');
INSERT INTO `bet_record` VALUES ('336', '1', '20110826-050', '12', '312', '4,4,8,9,2', '5', '10', '0', '0', '2011-08-26 00:00:00');
INSERT INTO `bet_record` VALUES ('337', '1', '20110826-050', '12', '312', '4,4,3,1,8', '5', '10', '0', '0', '2011-08-26 00:00:00');
INSERT INTO `bet_record` VALUES ('338', '1', '20110826-050', '12', '312', '4,4,3,1,4', '5', '10', '0', '0', '2011-08-26 00:00:00');
INSERT INTO `bet_record` VALUES ('339', '1', '20110826-050', '12', '312', '4,4,3,1,2', '5', '10', '0', '0', '2011-08-26 00:00:00');
INSERT INTO `bet_record` VALUES ('340', '1', '20110826-050', '12', '312', '4,4,3,5,8', '5', '10', '0', '0', '2011-08-26 00:00:00');
INSERT INTO `bet_record` VALUES ('341', '1', '20110826-050', '12', '312', '4,4,3,5,4', '5', '10', '0', '0', '2011-08-26 00:00:00');
INSERT INTO `bet_record` VALUES ('342', '1', '20110826-050', '12', '312', '4,4,3,5,2', '5', '10', '0', '0', '2011-08-26 00:00:00');
INSERT INTO `bet_record` VALUES ('343', '1', '20110826-050', '12', '312', '4,4,3,9,8', '5', '10', '0', '0', '2011-08-26 00:00:00');
INSERT INTO `bet_record` VALUES ('344', '1', '20110826-050', '12', '312', '4,4,3,9,4', '5', '10', '0', '0', '2011-08-26 00:00:00');
INSERT INTO `bet_record` VALUES ('345', '1', '20110826-050', '12', '312', '4,4,3,9,2', '5', '10', '0', '0', '2011-08-26 00:00:00');
INSERT INTO `bet_record` VALUES ('346', '1', '20110826-050', '12', '312', '4,2,7,1,8', '5', '10', '0', '0', '2011-08-26 00:00:00');
INSERT INTO `bet_record` VALUES ('347', '1', '20110826-050', '12', '312', '4,2,7,1,4', '5', '10', '0', '0', '2011-08-26 00:00:00');
INSERT INTO `bet_record` VALUES ('348', '1', '20110826-050', '12', '312', '4,2,7,1,2', '5', '10', '0', '0', '2011-08-26 00:00:00');
INSERT INTO `bet_record` VALUES ('349', '1', '20110826-050', '12', '312', '4,2,7,5,8', '5', '10', '0', '0', '2011-08-26 00:00:00');
INSERT INTO `bet_record` VALUES ('350', '1', '20110826-050', '12', '312', '4,2,7,5,4', '5', '10', '0', '0', '2011-08-26 00:00:00');
INSERT INTO `bet_record` VALUES ('351', '1', '20110826-050', '12', '312', '4,2,7,5,2', '5', '10', '0', '0', '2011-08-26 00:00:00');
INSERT INTO `bet_record` VALUES ('352', '1', '20110826-050', '12', '312', '4,2,7,9,8', '5', '10', '0', '0', '2011-08-26 00:00:00');
INSERT INTO `bet_record` VALUES ('353', '1', '20110826-050', '12', '312', '4,2,7,9,4', '5', '10', '0', '0', '2011-08-26 00:00:00');
INSERT INTO `bet_record` VALUES ('354', '1', '20110826-050', '12', '312', '4,2,7,9,2', '5', '10', '0', '0', '2011-08-26 00:00:00');
INSERT INTO `bet_record` VALUES ('355', '1', '20110826-050', '12', '312', '4,2,8,1,8', '5', '10', '0', '0', '2011-08-26 00:00:00');
INSERT INTO `bet_record` VALUES ('356', '1', '20110826-050', '12', '312', '4,2,8,1,4', '5', '10', '0', '0', '2011-08-26 00:00:00');
INSERT INTO `bet_record` VALUES ('357', '1', '20110826-050', '12', '312', '4,2,8,1,2', '5', '10', '0', '0', '2011-08-26 00:00:00');
INSERT INTO `bet_record` VALUES ('358', '1', '20110826-050', '12', '312', '4,2,8,5,8', '5', '10', '0', '0', '2011-08-26 00:00:00');
INSERT INTO `bet_record` VALUES ('359', '1', '20110826-050', '12', '312', '4,2,8,5,4', '5', '10', '0', '0', '2011-08-26 00:00:00');
INSERT INTO `bet_record` VALUES ('360', '1', '20110826-050', '12', '312', '4,2,8,5,2', '5', '10', '0', '0', '2011-08-26 00:00:00');
INSERT INTO `bet_record` VALUES ('361', '1', '20110826-050', '12', '312', '4,2,8,9,8', '5', '10', '0', '0', '2011-08-26 00:00:00');
INSERT INTO `bet_record` VALUES ('362', '1', '20110826-050', '12', '312', '4,2,8,9,4', '5', '10', '0', '0', '2011-08-26 00:00:00');
INSERT INTO `bet_record` VALUES ('363', '1', '20110826-050', '12', '312', '4,2,8,9,2', '5', '10', '0', '0', '2011-08-26 00:00:00');
INSERT INTO `bet_record` VALUES ('364', '1', '20110826-050', '12', '312', '4,2,3,1,8', '5', '10', '0', '0', '2011-08-26 00:00:00');
INSERT INTO `bet_record` VALUES ('365', '1', '20110826-050', '12', '312', '4,2,3,1,4', '5', '10', '0', '0', '2011-08-26 00:00:00');
INSERT INTO `bet_record` VALUES ('366', '1', '20110826-050', '12', '312', '4,2,3,1,2', '5', '10', '0', '0', '2011-08-26 00:00:00');
INSERT INTO `bet_record` VALUES ('367', '1', '20110826-050', '12', '312', '4,2,3,5,8', '5', '10', '0', '0', '2011-08-26 00:00:00');
INSERT INTO `bet_record` VALUES ('368', '1', '20110826-050', '12', '312', '4,2,3,5,4', '5', '10', '0', '0', '2011-08-26 00:00:00');
INSERT INTO `bet_record` VALUES ('369', '1', '20110826-050', '12', '312', '4,2,3,5,2', '5', '10', '0', '0', '2011-08-26 00:00:00');
INSERT INTO `bet_record` VALUES ('370', '1', '20110826-050', '12', '312', '4,2,3,9,8', '5', '10', '0', '0', '2011-08-26 00:00:00');
INSERT INTO `bet_record` VALUES ('371', '1', '20110826-050', '12', '312', '4,2,3,9,4', '5', '10', '0', '0', '2011-08-26 00:00:00');
INSERT INTO `bet_record` VALUES ('372', '1', '20110826-050', '12', '312', '4,2,3,9,2', '5', '10', '0', '0', '2011-08-26 00:00:00');
INSERT INTO `bet_record` VALUES ('373', '1', '20110826-050', '12', '312', '4,6,7,1,8', '5', '10', '0', '0', '2011-08-26 00:00:00');
INSERT INTO `bet_record` VALUES ('374', '1', '20110826-050', '12', '312', '4,6,7,1,4', '5', '10', '0', '0', '2011-08-26 00:00:00');
INSERT INTO `bet_record` VALUES ('375', '1', '20110826-050', '12', '312', '4,6,7,1,2', '5', '10', '0', '0', '2011-08-26 00:00:00');
INSERT INTO `bet_record` VALUES ('376', '1', '20110826-050', '12', '312', '4,6,7,5,8', '5', '10', '0', '0', '2011-08-26 00:00:00');
INSERT INTO `bet_record` VALUES ('377', '1', '20110826-050', '12', '312', '4,6,7,5,4', '5', '10', '0', '0', '2011-08-26 00:00:00');
INSERT INTO `bet_record` VALUES ('378', '1', '20110826-050', '12', '312', '4,6,7,5,2', '5', '10', '0', '0', '2011-08-26 00:00:00');
INSERT INTO `bet_record` VALUES ('379', '1', '20110826-050', '12', '312', '4,6,7,9,8', '5', '10', '0', '0', '2011-08-26 00:00:00');
INSERT INTO `bet_record` VALUES ('380', '1', '20110826-050', '12', '312', '4,6,7,9,4', '5', '10', '0', '0', '2011-08-26 00:00:00');
INSERT INTO `bet_record` VALUES ('381', '1', '20110826-050', '12', '312', '4,6,7,9,2', '5', '10', '0', '0', '2011-08-26 00:00:00');
INSERT INTO `bet_record` VALUES ('382', '1', '20110826-050', '12', '312', '4,6,8,1,8', '5', '10', '0', '0', '2011-08-26 00:00:00');
INSERT INTO `bet_record` VALUES ('383', '1', '20110826-050', '12', '312', '4,6,8,1,4', '5', '10', '0', '0', '2011-08-26 00:00:00');
INSERT INTO `bet_record` VALUES ('384', '1', '20110826-050', '12', '312', '4,6,8,1,2', '5', '10', '0', '0', '2011-08-26 00:00:00');
INSERT INTO `bet_record` VALUES ('385', '1', '20110826-050', '12', '312', '4,6,8,5,8', '5', '10', '0', '0', '2011-08-26 00:00:00');
INSERT INTO `bet_record` VALUES ('386', '1', '20110826-050', '12', '312', '4,6,8,5,4', '5', '10', '0', '0', '2011-08-26 00:00:00');
INSERT INTO `bet_record` VALUES ('387', '1', '20110826-050', '12', '312', '4,6,8,5,2', '5', '10', '0', '0', '2011-08-26 00:00:00');
INSERT INTO `bet_record` VALUES ('388', '1', '20110826-050', '12', '312', '4,6,8,9,8', '5', '10', '0', '0', '2011-08-26 00:00:00');
INSERT INTO `bet_record` VALUES ('389', '1', '20110826-050', '12', '312', '4,6,8,9,4', '5', '10', '0', '0', '2011-08-26 00:00:00');
INSERT INTO `bet_record` VALUES ('390', '1', '20110826-050', '12', '312', '4,6,8,9,2', '5', '10', '0', '0', '2011-08-26 00:00:00');
INSERT INTO `bet_record` VALUES ('391', '1', '20110826-050', '12', '312', '4,6,3,1,8', '5', '10', '0', '0', '2011-08-26 00:00:00');
INSERT INTO `bet_record` VALUES ('392', '1', '20110826-050', '12', '312', '4,6,3,1,4', '5', '10', '0', '0', '2011-08-26 00:00:00');
INSERT INTO `bet_record` VALUES ('393', '1', '20110826-050', '12', '312', '4,6,3,1,2', '5', '10', '0', '0', '2011-08-26 00:00:00');
INSERT INTO `bet_record` VALUES ('394', '1', '20110826-050', '12', '312', '4,6,3,5,8', '5', '10', '0', '0', '2011-08-26 00:00:00');
INSERT INTO `bet_record` VALUES ('395', '1', '20110826-050', '12', '312', '4,6,3,5,4', '5', '10', '0', '0', '2011-08-26 00:00:00');
INSERT INTO `bet_record` VALUES ('396', '1', '20110826-050', '12', '312', '4,6,3,5,2', '5', '10', '0', '0', '2011-08-26 00:00:00');
INSERT INTO `bet_record` VALUES ('397', '1', '20110826-050', '12', '312', '4,6,3,9,8', '5', '10', '0', '0', '2011-08-26 00:00:00');
INSERT INTO `bet_record` VALUES ('398', '1', '20110826-050', '12', '312', '4,6,3,9,4', '5', '10', '0', '0', '2011-08-26 00:00:00');
INSERT INTO `bet_record` VALUES ('399', '1', '20110826-050', '12', '312', '4,6,3,9,2', '5', '10', '0', '0', '2011-08-26 00:00:00');
INSERT INTO `bet_record` VALUES ('400', '1', '20110826-051', '12', '312', '1,4,7,1,8', '4', '8', '0', '0', '2011-08-26 18:11:05');
INSERT INTO `bet_record` VALUES ('401', '1', '20110826-051', '12', '312', '1,4,7,1,4', '4', '8', '0', '0', '2011-08-26 18:11:05');
INSERT INTO `bet_record` VALUES ('402', '1', '20110826-051', '12', '312', '1,4,7,1,2', '4', '8', '0', '0', '2011-08-26 18:11:05');
INSERT INTO `bet_record` VALUES ('403', '1', '20110826-051', '12', '312', '1,4,7,5,8', '4', '8', '0', '0', '2011-08-26 18:11:05');
INSERT INTO `bet_record` VALUES ('404', '1', '20110826-051', '12', '312', '1,4,7,5,4', '4', '8', '0', '0', '2011-08-26 18:11:05');
INSERT INTO `bet_record` VALUES ('405', '1', '20110826-051', '12', '312', '1,4,7,5,2', '4', '8', '0', '0', '2011-08-26 18:11:05');
INSERT INTO `bet_record` VALUES ('406', '1', '20110826-051', '12', '312', '1,4,7,9,8', '4', '8', '0', '0', '2011-08-26 18:11:05');
INSERT INTO `bet_record` VALUES ('407', '1', '20110826-051', '12', '312', '1,4,7,9,4', '4', '8', '0', '0', '2011-08-26 18:11:05');
INSERT INTO `bet_record` VALUES ('408', '1', '20110826-051', '12', '312', '1,4,7,9,2', '4', '8', '0', '0', '2011-08-26 18:11:05');
INSERT INTO `bet_record` VALUES ('409', '1', '20110826-051', '12', '312', '1,4,8,1,8', '4', '8', '0', '0', '2011-08-26 18:11:05');
INSERT INTO `bet_record` VALUES ('410', '1', '20110826-051', '12', '312', '1,4,8,1,4', '4', '8', '0', '0', '2011-08-26 18:11:05');
INSERT INTO `bet_record` VALUES ('411', '1', '20110826-051', '12', '312', '1,4,8,1,2', '4', '8', '0', '0', '2011-08-26 18:11:05');
INSERT INTO `bet_record` VALUES ('412', '1', '20110826-051', '12', '312', '1,4,8,5,8', '4', '8', '0', '0', '2011-08-26 18:11:05');
INSERT INTO `bet_record` VALUES ('413', '1', '20110826-051', '12', '312', '1,4,8,5,4', '4', '8', '0', '0', '2011-08-26 18:11:05');
INSERT INTO `bet_record` VALUES ('414', '1', '20110826-051', '12', '312', '1,4,8,5,2', '4', '8', '0', '0', '2011-08-26 18:11:05');
INSERT INTO `bet_record` VALUES ('415', '1', '20110826-051', '12', '312', '1,4,8,9,8', '4', '8', '0', '0', '2011-08-26 18:11:05');
INSERT INTO `bet_record` VALUES ('416', '1', '20110826-051', '12', '312', '1,4,8,9,4', '4', '8', '0', '0', '2011-08-26 18:11:05');
INSERT INTO `bet_record` VALUES ('417', '1', '20110826-051', '12', '312', '1,4,8,9,2', '4', '8', '0', '0', '2011-08-26 18:11:05');
INSERT INTO `bet_record` VALUES ('418', '1', '20110826-051', '12', '312', '1,4,3,1,8', '4', '8', '0', '0', '2011-08-26 18:11:05');
INSERT INTO `bet_record` VALUES ('419', '1', '20110826-051', '12', '312', '1,4,3,1,4', '4', '8', '0', '0', '2011-08-26 18:11:05');
INSERT INTO `bet_record` VALUES ('420', '1', '20110826-051', '12', '312', '1,4,3,1,2', '4', '8', '0', '0', '2011-08-26 18:11:05');
INSERT INTO `bet_record` VALUES ('421', '1', '20110826-051', '12', '312', '1,4,3,5,8', '4', '8', '0', '0', '2011-08-26 18:11:05');
INSERT INTO `bet_record` VALUES ('422', '1', '20110826-051', '12', '312', '1,4,3,5,4', '4', '8', '0', '0', '2011-08-26 18:11:05');
INSERT INTO `bet_record` VALUES ('423', '1', '20110826-051', '12', '312', '1,4,3,5,2', '4', '8', '0', '0', '2011-08-26 18:11:05');
INSERT INTO `bet_record` VALUES ('424', '1', '20110826-051', '12', '312', '1,4,3,9,8', '4', '8', '0', '0', '2011-08-26 18:11:05');
INSERT INTO `bet_record` VALUES ('425', '1', '20110826-051', '12', '312', '1,4,3,9,4', '4', '8', '0', '0', '2011-08-26 18:11:05');
INSERT INTO `bet_record` VALUES ('426', '1', '20110826-051', '12', '312', '1,4,3,9,2', '4', '8', '0', '0', '2011-08-26 18:11:05');
INSERT INTO `bet_record` VALUES ('427', '1', '20110826-051', '12', '312', '1,2,7,1,8', '4', '8', '0', '0', '2011-08-26 18:11:05');
INSERT INTO `bet_record` VALUES ('428', '1', '20110826-051', '12', '312', '1,2,7,1,4', '4', '8', '0', '0', '2011-08-26 18:11:05');
INSERT INTO `bet_record` VALUES ('429', '1', '20110826-051', '12', '312', '1,2,7,1,2', '4', '8', '0', '0', '2011-08-26 18:11:05');
INSERT INTO `bet_record` VALUES ('430', '1', '20110826-051', '12', '312', '1,2,7,5,8', '4', '8', '0', '0', '2011-08-26 18:11:05');
INSERT INTO `bet_record` VALUES ('431', '1', '20110826-051', '12', '312', '1,2,7,5,4', '4', '8', '0', '0', '2011-08-26 18:11:05');
INSERT INTO `bet_record` VALUES ('432', '1', '20110826-051', '12', '312', '1,2,7,5,2', '4', '8', '0', '0', '2011-08-26 18:11:05');
INSERT INTO `bet_record` VALUES ('433', '1', '20110826-051', '12', '312', '1,2,7,9,8', '4', '8', '0', '0', '2011-08-26 18:11:05');
INSERT INTO `bet_record` VALUES ('434', '1', '20110826-051', '12', '312', '1,2,7,9,4', '4', '8', '0', '0', '2011-08-26 18:11:05');
INSERT INTO `bet_record` VALUES ('435', '1', '20110826-051', '12', '312', '1,2,7,9,2', '4', '8', '0', '0', '2011-08-26 18:11:05');
INSERT INTO `bet_record` VALUES ('436', '1', '20110826-051', '12', '312', '1,2,8,1,8', '4', '8', '0', '0', '2011-08-26 18:11:05');
INSERT INTO `bet_record` VALUES ('437', '1', '20110826-051', '12', '312', '1,2,8,1,4', '4', '8', '0', '0', '2011-08-26 18:11:05');
INSERT INTO `bet_record` VALUES ('438', '1', '20110826-051', '12', '312', '1,2,8,1,2', '4', '8', '0', '0', '2011-08-26 18:11:05');
INSERT INTO `bet_record` VALUES ('439', '1', '20110826-051', '12', '312', '1,2,8,5,8', '4', '8', '0', '0', '2011-08-26 18:11:05');
INSERT INTO `bet_record` VALUES ('440', '1', '20110826-051', '12', '312', '1,2,8,5,4', '4', '8', '0', '0', '2011-08-26 18:11:05');
INSERT INTO `bet_record` VALUES ('441', '1', '20110826-051', '12', '312', '1,2,8,5,2', '4', '8', '0', '0', '2011-08-26 18:11:05');
INSERT INTO `bet_record` VALUES ('442', '1', '20110826-051', '12', '312', '1,2,8,9,8', '4', '8', '0', '0', '2011-08-26 18:11:05');
INSERT INTO `bet_record` VALUES ('443', '1', '20110826-051', '12', '312', '1,2,8,9,4', '4', '8', '0', '0', '2011-08-26 18:11:05');
INSERT INTO `bet_record` VALUES ('444', '1', '20110826-051', '12', '312', '1,2,8,9,2', '4', '8', '0', '0', '2011-08-26 18:11:05');
INSERT INTO `bet_record` VALUES ('445', '1', '20110826-051', '12', '312', '1,2,3,1,8', '4', '8', '0', '0', '2011-08-26 18:11:05');
INSERT INTO `bet_record` VALUES ('446', '1', '20110826-051', '12', '312', '1,2,3,1,4', '4', '8', '0', '0', '2011-08-26 18:11:05');
INSERT INTO `bet_record` VALUES ('447', '1', '20110826-051', '12', '312', '1,2,3,1,2', '4', '8', '0', '0', '2011-08-26 18:11:05');
INSERT INTO `bet_record` VALUES ('448', '1', '20110826-051', '12', '312', '1,2,3,5,8', '4', '8', '0', '0', '2011-08-26 18:11:05');
INSERT INTO `bet_record` VALUES ('449', '1', '20110826-051', '12', '312', '1,2,3,5,4', '4', '8', '0', '0', '2011-08-26 18:11:05');
INSERT INTO `bet_record` VALUES ('450', '1', '20110826-051', '12', '312', '1,2,3,5,2', '4', '8', '0', '0', '2011-08-26 18:11:05');
INSERT INTO `bet_record` VALUES ('451', '1', '20110826-051', '12', '312', '1,2,3,9,8', '4', '8', '0', '0', '2011-08-26 18:11:05');
INSERT INTO `bet_record` VALUES ('452', '1', '20110826-051', '12', '312', '1,2,3,9,4', '4', '8', '0', '0', '2011-08-26 18:11:05');
INSERT INTO `bet_record` VALUES ('453', '1', '20110826-051', '12', '312', '1,2,3,9,2', '4', '8', '0', '0', '2011-08-26 18:11:05');
INSERT INTO `bet_record` VALUES ('454', '1', '20110826-051', '12', '312', '1,6,7,1,8', '4', '8', '0', '0', '2011-08-26 18:11:05');
INSERT INTO `bet_record` VALUES ('455', '1', '20110826-051', '12', '312', '1,6,7,1,4', '4', '8', '0', '0', '2011-08-26 18:11:05');
INSERT INTO `bet_record` VALUES ('456', '1', '20110826-051', '12', '312', '1,6,7,1,2', '4', '8', '0', '0', '2011-08-26 18:11:05');
INSERT INTO `bet_record` VALUES ('457', '1', '20110826-051', '12', '312', '1,6,7,5,8', '4', '8', '0', '0', '2011-08-26 18:11:05');
INSERT INTO `bet_record` VALUES ('458', '1', '20110826-051', '12', '312', '1,6,7,5,4', '4', '8', '0', '0', '2011-08-26 18:11:05');
INSERT INTO `bet_record` VALUES ('459', '1', '20110826-051', '12', '312', '1,6,7,5,2', '4', '8', '0', '0', '2011-08-26 18:11:05');
INSERT INTO `bet_record` VALUES ('460', '1', '20110826-051', '12', '312', '1,6,7,9,8', '4', '8', '0', '0', '2011-08-26 18:11:05');
INSERT INTO `bet_record` VALUES ('461', '1', '20110826-051', '12', '312', '1,6,7,9,4', '4', '8', '0', '0', '2011-08-26 18:11:05');
INSERT INTO `bet_record` VALUES ('462', '1', '20110826-051', '12', '312', '1,6,7,9,2', '4', '8', '0', '0', '2011-08-26 18:11:05');
INSERT INTO `bet_record` VALUES ('463', '1', '20110826-051', '12', '312', '1,6,8,1,8', '4', '8', '0', '0', '2011-08-26 18:11:05');
INSERT INTO `bet_record` VALUES ('464', '1', '20110826-051', '12', '312', '1,6,8,1,4', '4', '8', '0', '0', '2011-08-26 18:11:05');
INSERT INTO `bet_record` VALUES ('465', '1', '20110826-051', '12', '312', '1,6,8,1,2', '4', '8', '0', '0', '2011-08-26 18:11:05');
INSERT INTO `bet_record` VALUES ('466', '1', '20110826-051', '12', '312', '1,6,8,5,8', '4', '8', '0', '0', '2011-08-26 18:11:05');
INSERT INTO `bet_record` VALUES ('467', '1', '20110826-051', '12', '312', '1,6,8,5,4', '4', '8', '0', '0', '2011-08-26 18:11:05');
INSERT INTO `bet_record` VALUES ('468', '1', '20110826-051', '12', '312', '1,6,8,5,2', '4', '8', '0', '0', '2011-08-26 18:11:05');
INSERT INTO `bet_record` VALUES ('469', '1', '20110826-051', '12', '312', '1,6,8,9,8', '4', '8', '0', '0', '2011-08-26 18:11:05');
INSERT INTO `bet_record` VALUES ('470', '1', '20110826-051', '12', '312', '1,6,8,9,4', '4', '8', '0', '0', '2011-08-26 18:11:05');
INSERT INTO `bet_record` VALUES ('471', '1', '20110826-051', '12', '312', '1,6,8,9,2', '4', '8', '0', '0', '2011-08-26 18:11:05');
INSERT INTO `bet_record` VALUES ('472', '1', '20110826-051', '12', '312', '1,6,3,1,8', '4', '8', '0', '0', '2011-08-26 18:11:05');
INSERT INTO `bet_record` VALUES ('473', '1', '20110826-051', '12', '312', '1,6,3,1,4', '4', '8', '0', '0', '2011-08-26 18:11:05');
INSERT INTO `bet_record` VALUES ('474', '1', '20110826-051', '12', '312', '1,6,3,1,2', '4', '8', '0', '0', '2011-08-26 18:11:05');
INSERT INTO `bet_record` VALUES ('475', '1', '20110826-051', '12', '312', '1,6,3,5,8', '4', '8', '0', '0', '2011-08-26 18:11:05');
INSERT INTO `bet_record` VALUES ('476', '1', '20110826-051', '12', '312', '1,6,3,5,4', '4', '8', '0', '0', '2011-08-26 18:11:05');
INSERT INTO `bet_record` VALUES ('477', '1', '20110826-051', '12', '312', '1,6,3,5,2', '4', '8', '0', '0', '2011-08-26 18:11:05');
INSERT INTO `bet_record` VALUES ('478', '1', '20110826-051', '12', '312', '1,6,3,9,8', '4', '8', '0', '0', '2011-08-26 18:11:05');
INSERT INTO `bet_record` VALUES ('479', '1', '20110826-051', '12', '312', '1,6,3,9,4', '4', '8', '0', '0', '2011-08-26 18:11:05');
INSERT INTO `bet_record` VALUES ('480', '1', '20110826-051', '12', '312', '1,6,3,9,2', '4', '8', '0', '0', '2011-08-26 18:11:05');
INSERT INTO `bet_record` VALUES ('481', '1', '20110826-051', '12', '312', '3,4,7,1,8', '4', '8', '0', '0', '2011-08-26 18:11:05');
INSERT INTO `bet_record` VALUES ('482', '1', '20110826-051', '12', '312', '3,4,7,1,4', '4', '8', '0', '0', '2011-08-26 18:11:05');
INSERT INTO `bet_record` VALUES ('483', '1', '20110826-051', '12', '312', '3,4,7,1,2', '4', '8', '0', '0', '2011-08-26 18:11:05');
INSERT INTO `bet_record` VALUES ('484', '1', '20110826-051', '12', '312', '3,4,7,5,8', '4', '8', '0', '0', '2011-08-26 18:11:05');
INSERT INTO `bet_record` VALUES ('485', '1', '20110826-051', '12', '312', '3,4,7,5,4', '4', '8', '0', '0', '2011-08-26 18:11:05');
INSERT INTO `bet_record` VALUES ('486', '1', '20110826-051', '12', '312', '3,4,7,5,2', '4', '8', '0', '0', '2011-08-26 18:11:05');
INSERT INTO `bet_record` VALUES ('487', '1', '20110826-051', '12', '312', '3,4,7,9,8', '4', '8', '0', '0', '2011-08-26 18:11:05');
INSERT INTO `bet_record` VALUES ('488', '1', '20110826-051', '12', '312', '3,4,7,9,4', '4', '8', '0', '0', '2011-08-26 18:11:05');
INSERT INTO `bet_record` VALUES ('489', '1', '20110826-051', '12', '312', '3,4,7,9,2', '4', '8', '0', '0', '2011-08-26 18:11:05');
INSERT INTO `bet_record` VALUES ('490', '1', '20110826-051', '12', '312', '3,4,8,1,8', '4', '8', '0', '0', '2011-08-26 18:11:05');
INSERT INTO `bet_record` VALUES ('491', '1', '20110826-051', '12', '312', '3,4,8,1,4', '4', '8', '0', '0', '2011-08-26 18:11:05');
INSERT INTO `bet_record` VALUES ('492', '1', '20110826-051', '12', '312', '3,4,8,1,2', '4', '8', '0', '0', '2011-08-26 18:11:05');
INSERT INTO `bet_record` VALUES ('493', '1', '20110826-051', '12', '312', '3,4,8,5,8', '4', '8', '0', '0', '2011-08-26 18:11:05');
INSERT INTO `bet_record` VALUES ('494', '1', '20110826-051', '12', '312', '3,4,8,5,4', '4', '8', '0', '0', '2011-08-26 18:11:05');
INSERT INTO `bet_record` VALUES ('495', '1', '20110826-051', '12', '312', '3,4,8,5,2', '4', '8', '0', '0', '2011-08-26 18:11:05');
INSERT INTO `bet_record` VALUES ('496', '1', '20110826-051', '12', '312', '3,4,8,9,8', '4', '8', '0', '0', '2011-08-26 18:11:05');
INSERT INTO `bet_record` VALUES ('497', '1', '20110826-051', '12', '312', '3,4,8,9,4', '4', '8', '0', '0', '2011-08-26 18:11:05');
INSERT INTO `bet_record` VALUES ('498', '1', '20110826-051', '12', '312', '3,4,8,9,2', '4', '8', '0', '0', '2011-08-26 18:11:05');
INSERT INTO `bet_record` VALUES ('499', '1', '20110826-051', '12', '312', '3,4,3,1,8', '4', '8', '0', '0', '2011-08-26 18:11:05');
INSERT INTO `bet_record` VALUES ('500', '1', '20110826-051', '12', '312', '3,4,3,1,4', '4', '8', '0', '0', '2011-08-26 18:11:05');
INSERT INTO `bet_record` VALUES ('501', '1', '20110826-051', '12', '312', '3,4,3,1,2', '4', '8', '0', '0', '2011-08-26 18:11:05');
INSERT INTO `bet_record` VALUES ('502', '1', '20110826-051', '12', '312', '3,4,3,5,8', '4', '8', '0', '0', '2011-08-26 18:11:05');
INSERT INTO `bet_record` VALUES ('503', '1', '20110826-051', '12', '312', '3,4,3,5,4', '4', '8', '0', '0', '2011-08-26 18:11:05');
INSERT INTO `bet_record` VALUES ('504', '1', '20110826-051', '12', '312', '3,4,3,5,2', '4', '8', '0', '0', '2011-08-26 18:11:05');
INSERT INTO `bet_record` VALUES ('505', '1', '20110826-051', '12', '312', '3,4,3,9,8', '4', '8', '0', '0', '2011-08-26 18:11:05');
INSERT INTO `bet_record` VALUES ('506', '1', '20110826-051', '12', '312', '3,4,3,9,4', '4', '8', '0', '0', '2011-08-26 18:11:05');
INSERT INTO `bet_record` VALUES ('507', '1', '20110826-051', '12', '312', '3,4,3,9,2', '4', '8', '0', '0', '2011-08-26 18:11:05');
INSERT INTO `bet_record` VALUES ('508', '1', '20110826-051', '12', '312', '3,2,7,1,8', '4', '8', '0', '0', '2011-08-26 18:11:05');
INSERT INTO `bet_record` VALUES ('509', '1', '20110826-051', '12', '312', '3,2,7,1,4', '4', '8', '0', '0', '2011-08-26 18:11:05');
INSERT INTO `bet_record` VALUES ('510', '1', '20110826-051', '12', '312', '3,2,7,1,2', '4', '8', '0', '0', '2011-08-26 18:11:05');
INSERT INTO `bet_record` VALUES ('511', '1', '20110826-051', '12', '312', '3,2,7,5,8', '4', '8', '0', '0', '2011-08-26 18:11:05');
INSERT INTO `bet_record` VALUES ('512', '1', '20110826-051', '12', '312', '3,2,7,5,4', '4', '8', '0', '0', '2011-08-26 18:11:05');
INSERT INTO `bet_record` VALUES ('513', '1', '20110826-051', '12', '312', '3,2,7,5,2', '4', '8', '0', '0', '2011-08-26 18:11:05');
INSERT INTO `bet_record` VALUES ('514', '1', '20110826-051', '12', '312', '3,2,7,9,8', '4', '8', '0', '0', '2011-08-26 18:11:05');
INSERT INTO `bet_record` VALUES ('515', '1', '20110826-051', '12', '312', '3,2,7,9,4', '4', '8', '0', '0', '2011-08-26 18:11:05');
INSERT INTO `bet_record` VALUES ('516', '1', '20110826-051', '12', '312', '3,2,7,9,2', '4', '8', '0', '0', '2011-08-26 18:11:05');
INSERT INTO `bet_record` VALUES ('517', '1', '20110826-051', '12', '312', '3,2,8,1,8', '4', '8', '0', '0', '2011-08-26 18:11:05');
INSERT INTO `bet_record` VALUES ('518', '1', '20110826-051', '12', '312', '3,2,8,1,4', '4', '8', '0', '0', '2011-08-26 18:11:05');
INSERT INTO `bet_record` VALUES ('519', '1', '20110826-051', '12', '312', '3,2,8,1,2', '4', '8', '0', '0', '2011-08-26 18:11:05');
INSERT INTO `bet_record` VALUES ('520', '1', '20110826-051', '12', '312', '3,2,8,5,8', '4', '8', '0', '0', '2011-08-26 18:11:05');
INSERT INTO `bet_record` VALUES ('521', '1', '20110826-051', '12', '312', '3,2,8,5,4', '4', '8', '0', '0', '2011-08-26 18:11:05');
INSERT INTO `bet_record` VALUES ('522', '1', '20110826-051', '12', '312', '3,2,8,5,2', '4', '8', '0', '0', '2011-08-26 18:11:05');
INSERT INTO `bet_record` VALUES ('523', '1', '20110826-051', '12', '312', '3,2,8,9,8', '4', '8', '0', '0', '2011-08-26 18:11:05');
INSERT INTO `bet_record` VALUES ('524', '1', '20110826-051', '12', '312', '3,2,8,9,4', '4', '8', '0', '0', '2011-08-26 18:11:05');
INSERT INTO `bet_record` VALUES ('525', '1', '20110826-051', '12', '312', '3,2,8,9,2', '4', '8', '0', '0', '2011-08-26 18:11:05');
INSERT INTO `bet_record` VALUES ('526', '1', '20110826-051', '12', '312', '3,2,3,1,8', '4', '8', '0', '0', '2011-08-26 18:11:05');
INSERT INTO `bet_record` VALUES ('527', '1', '20110826-051', '12', '312', '3,2,3,1,4', '4', '8', '0', '0', '2011-08-26 18:11:05');
INSERT INTO `bet_record` VALUES ('528', '1', '20110826-051', '12', '312', '3,2,3,1,2', '4', '8', '0', '0', '2011-08-26 18:11:05');
INSERT INTO `bet_record` VALUES ('529', '1', '20110826-051', '12', '312', '3,2,3,5,8', '4', '8', '0', '0', '2011-08-26 18:11:05');
INSERT INTO `bet_record` VALUES ('530', '1', '20110826-051', '12', '312', '3,2,3,5,4', '4', '8', '0', '0', '2011-08-26 18:11:05');
INSERT INTO `bet_record` VALUES ('531', '1', '20110826-051', '12', '312', '3,2,3,5,2', '4', '8', '0', '0', '2011-08-26 18:11:05');
INSERT INTO `bet_record` VALUES ('532', '1', '20110826-051', '12', '312', '3,2,3,9,8', '4', '8', '0', '0', '2011-08-26 18:11:05');
INSERT INTO `bet_record` VALUES ('533', '1', '20110826-051', '12', '312', '3,2,3,9,4', '4', '8', '0', '0', '2011-08-26 18:11:05');
INSERT INTO `bet_record` VALUES ('534', '1', '20110826-051', '12', '312', '3,2,3,9,2', '4', '8', '0', '0', '2011-08-26 18:11:05');
INSERT INTO `bet_record` VALUES ('535', '1', '20110826-051', '12', '312', '3,6,7,1,8', '4', '8', '0', '0', '2011-08-26 18:11:05');
INSERT INTO `bet_record` VALUES ('536', '1', '20110826-051', '12', '312', '3,6,7,1,4', '4', '8', '0', '0', '2011-08-26 18:11:05');
INSERT INTO `bet_record` VALUES ('537', '1', '20110826-051', '12', '312', '3,6,7,1,2', '4', '8', '0', '0', '2011-08-26 18:11:05');
INSERT INTO `bet_record` VALUES ('538', '1', '20110826-051', '12', '312', '3,6,7,5,8', '4', '8', '0', '0', '2011-08-26 18:11:05');
INSERT INTO `bet_record` VALUES ('539', '1', '20110826-051', '12', '312', '3,6,7,5,4', '4', '8', '0', '0', '2011-08-26 18:11:05');
INSERT INTO `bet_record` VALUES ('540', '1', '20110826-051', '12', '312', '3,6,7,5,2', '4', '8', '0', '0', '2011-08-26 18:11:05');
INSERT INTO `bet_record` VALUES ('541', '1', '20110826-051', '12', '312', '3,6,7,9,8', '4', '8', '0', '0', '2011-08-26 18:11:05');
INSERT INTO `bet_record` VALUES ('542', '1', '20110826-051', '12', '312', '3,6,7,9,4', '4', '8', '0', '0', '2011-08-26 18:11:05');
INSERT INTO `bet_record` VALUES ('543', '1', '20110826-051', '12', '312', '3,6,7,9,2', '4', '8', '0', '0', '2011-08-26 18:11:05');
INSERT INTO `bet_record` VALUES ('544', '1', '20110826-051', '12', '312', '3,6,8,1,8', '4', '8', '0', '0', '2011-08-26 18:11:05');
INSERT INTO `bet_record` VALUES ('545', '1', '20110826-051', '12', '312', '3,6,8,1,4', '4', '8', '0', '0', '2011-08-26 18:11:05');
INSERT INTO `bet_record` VALUES ('546', '1', '20110826-051', '12', '312', '3,6,8,1,2', '4', '8', '0', '0', '2011-08-26 18:11:05');
INSERT INTO `bet_record` VALUES ('547', '1', '20110826-051', '12', '312', '3,6,8,5,8', '4', '8', '0', '0', '2011-08-26 18:11:05');
INSERT INTO `bet_record` VALUES ('548', '1', '20110826-051', '12', '312', '3,6,8,5,4', '4', '8', '0', '0', '2011-08-26 18:11:05');
INSERT INTO `bet_record` VALUES ('549', '1', '20110826-051', '12', '312', '3,6,8,5,2', '4', '8', '0', '0', '2011-08-26 18:11:05');
INSERT INTO `bet_record` VALUES ('550', '1', '20110826-051', '12', '312', '3,6,8,9,8', '4', '8', '0', '0', '2011-08-26 18:11:05');
INSERT INTO `bet_record` VALUES ('551', '1', '20110826-051', '12', '312', '3,6,8,9,4', '4', '8', '0', '0', '2011-08-26 18:11:05');
INSERT INTO `bet_record` VALUES ('552', '1', '20110826-051', '12', '312', '3,6,8,9,2', '4', '8', '0', '0', '2011-08-26 18:11:05');
INSERT INTO `bet_record` VALUES ('553', '1', '20110826-051', '12', '312', '3,6,3,1,8', '4', '8', '0', '0', '2011-08-26 18:11:05');
INSERT INTO `bet_record` VALUES ('554', '1', '20110826-051', '12', '312', '3,6,3,1,4', '4', '8', '0', '0', '2011-08-26 18:11:05');
INSERT INTO `bet_record` VALUES ('555', '1', '20110826-051', '12', '312', '3,6,3,1,2', '4', '8', '0', '0', '2011-08-26 18:11:05');
INSERT INTO `bet_record` VALUES ('556', '1', '20110826-051', '12', '312', '3,6,3,5,8', '4', '8', '0', '0', '2011-08-26 18:11:05');
INSERT INTO `bet_record` VALUES ('557', '1', '20110826-051', '12', '312', '3,6,3,5,4', '4', '8', '0', '0', '2011-08-26 18:11:05');
INSERT INTO `bet_record` VALUES ('558', '1', '20110826-051', '12', '312', '3,6,3,5,2', '4', '8', '0', '0', '2011-08-26 18:11:05');
INSERT INTO `bet_record` VALUES ('559', '1', '20110826-051', '12', '312', '3,6,3,9,8', '4', '8', '0', '0', '2011-08-26 18:11:05');
INSERT INTO `bet_record` VALUES ('560', '1', '20110826-051', '12', '312', '3,6,3,9,4', '4', '8', '0', '0', '2011-08-26 18:11:05');
INSERT INTO `bet_record` VALUES ('561', '1', '20110826-051', '12', '312', '3,6,3,9,2', '4', '8', '0', '0', '2011-08-26 18:11:05');
INSERT INTO `bet_record` VALUES ('562', '1', '20110826-051', '12', '312', '4,4,7,1,8', '4', '8', '0', '0', '2011-08-26 18:11:05');
INSERT INTO `bet_record` VALUES ('563', '1', '20110826-051', '12', '312', '4,4,7,1,4', '4', '8', '0', '0', '2011-08-26 18:11:05');
INSERT INTO `bet_record` VALUES ('564', '1', '20110826-051', '12', '312', '4,4,7,1,2', '4', '8', '0', '0', '2011-08-26 18:11:05');
INSERT INTO `bet_record` VALUES ('565', '1', '20110826-051', '12', '312', '4,4,7,5,8', '4', '8', '0', '0', '2011-08-26 18:11:05');
INSERT INTO `bet_record` VALUES ('566', '1', '20110826-051', '12', '312', '4,4,7,5,4', '4', '8', '0', '0', '2011-08-26 18:11:05');
INSERT INTO `bet_record` VALUES ('567', '1', '20110826-051', '12', '312', '4,4,7,5,2', '4', '8', '0', '0', '2011-08-26 18:11:05');
INSERT INTO `bet_record` VALUES ('568', '1', '20110826-051', '12', '312', '4,4,7,9,8', '4', '8', '0', '0', '2011-08-26 18:11:05');
INSERT INTO `bet_record` VALUES ('569', '1', '20110826-051', '12', '312', '4,4,7,9,4', '4', '8', '0', '0', '2011-08-26 18:11:05');
INSERT INTO `bet_record` VALUES ('570', '1', '20110826-051', '12', '312', '4,4,7,9,2', '4', '8', '0', '0', '2011-08-26 18:11:05');
INSERT INTO `bet_record` VALUES ('571', '1', '20110826-051', '12', '312', '4,4,8,1,8', '4', '8', '0', '0', '2011-08-26 18:11:05');
INSERT INTO `bet_record` VALUES ('572', '1', '20110826-051', '12', '312', '4,4,8,1,4', '4', '8', '0', '0', '2011-08-26 18:11:05');
INSERT INTO `bet_record` VALUES ('573', '1', '20110826-051', '12', '312', '4,4,8,1,2', '4', '8', '0', '0', '2011-08-26 18:11:05');
INSERT INTO `bet_record` VALUES ('574', '1', '20110826-051', '12', '312', '4,4,8,5,8', '4', '8', '0', '0', '2011-08-26 18:11:05');
INSERT INTO `bet_record` VALUES ('575', '1', '20110826-051', '12', '312', '4,4,8,5,4', '4', '8', '0', '0', '2011-08-26 18:11:05');
INSERT INTO `bet_record` VALUES ('576', '1', '20110826-051', '12', '312', '4,4,8,5,2', '4', '8', '0', '0', '2011-08-26 18:11:05');
INSERT INTO `bet_record` VALUES ('577', '1', '20110826-051', '12', '312', '4,4,8,9,8', '4', '8', '0', '0', '2011-08-26 18:11:05');
INSERT INTO `bet_record` VALUES ('578', '1', '20110826-051', '12', '312', '4,4,8,9,4', '4', '8', '0', '0', '2011-08-26 18:11:05');
INSERT INTO `bet_record` VALUES ('579', '1', '20110826-051', '12', '312', '4,4,8,9,2', '4', '8', '0', '0', '2011-08-26 18:11:05');
INSERT INTO `bet_record` VALUES ('580', '1', '20110826-051', '12', '312', '4,4,3,1,8', '4', '8', '0', '0', '2011-08-26 18:11:05');
INSERT INTO `bet_record` VALUES ('581', '1', '20110826-051', '12', '312', '4,4,3,1,4', '4', '8', '0', '0', '2011-08-26 18:11:05');
INSERT INTO `bet_record` VALUES ('582', '1', '20110826-051', '12', '312', '4,4,3,1,2', '4', '8', '0', '0', '2011-08-26 18:11:05');
INSERT INTO `bet_record` VALUES ('583', '1', '20110826-051', '12', '312', '4,4,3,5,8', '4', '8', '0', '0', '2011-08-26 18:11:05');
INSERT INTO `bet_record` VALUES ('584', '1', '20110826-051', '12', '312', '4,4,3,5,4', '4', '8', '0', '0', '2011-08-26 18:11:05');
INSERT INTO `bet_record` VALUES ('585', '1', '20110826-051', '12', '312', '4,4,3,5,2', '4', '8', '0', '0', '2011-08-26 18:11:05');
INSERT INTO `bet_record` VALUES ('586', '1', '20110826-051', '12', '312', '4,4,3,9,8', '4', '8', '0', '0', '2011-08-26 18:11:05');
INSERT INTO `bet_record` VALUES ('587', '1', '20110826-051', '12', '312', '4,4,3,9,4', '4', '8', '0', '0', '2011-08-26 18:11:05');
INSERT INTO `bet_record` VALUES ('588', '1', '20110826-051', '12', '312', '4,4,3,9,2', '4', '8', '0', '0', '2011-08-26 18:11:05');
INSERT INTO `bet_record` VALUES ('589', '1', '20110826-051', '12', '312', '4,2,7,1,8', '4', '8', '0', '0', '2011-08-26 18:11:05');
INSERT INTO `bet_record` VALUES ('590', '1', '20110826-051', '12', '312', '4,2,7,1,4', '4', '8', '0', '0', '2011-08-26 18:11:05');
INSERT INTO `bet_record` VALUES ('591', '1', '20110826-051', '12', '312', '4,2,7,1,2', '4', '8', '0', '0', '2011-08-26 18:11:05');
INSERT INTO `bet_record` VALUES ('592', '1', '20110826-051', '12', '312', '4,2,7,5,8', '4', '8', '0', '0', '2011-08-26 18:11:05');
INSERT INTO `bet_record` VALUES ('593', '1', '20110826-051', '12', '312', '4,2,7,5,4', '4', '8', '0', '0', '2011-08-26 18:11:05');
INSERT INTO `bet_record` VALUES ('594', '1', '20110826-051', '12', '312', '4,2,7,5,2', '4', '8', '0', '0', '2011-08-26 18:11:05');
INSERT INTO `bet_record` VALUES ('595', '1', '20110826-051', '12', '312', '4,2,7,9,8', '4', '8', '0', '0', '2011-08-26 18:11:05');
INSERT INTO `bet_record` VALUES ('596', '1', '20110826-051', '12', '312', '4,2,7,9,4', '4', '8', '0', '0', '2011-08-26 18:11:05');
INSERT INTO `bet_record` VALUES ('597', '1', '20110826-051', '12', '312', '4,2,7,9,2', '4', '8', '0', '0', '2011-08-26 18:11:05');
INSERT INTO `bet_record` VALUES ('598', '1', '20110826-051', '12', '312', '4,2,8,1,8', '4', '8', '0', '0', '2011-08-26 18:11:05');
INSERT INTO `bet_record` VALUES ('599', '1', '20110826-051', '12', '312', '4,2,8,1,4', '4', '8', '0', '0', '2011-08-26 18:11:05');
INSERT INTO `bet_record` VALUES ('600', '1', '20110826-051', '12', '312', '4,2,8,1,2', '4', '8', '0', '0', '2011-08-26 18:11:05');
INSERT INTO `bet_record` VALUES ('601', '1', '20110826-051', '12', '312', '4,2,8,5,8', '4', '8', '0', '0', '2011-08-26 18:11:05');
INSERT INTO `bet_record` VALUES ('602', '1', '20110826-051', '12', '312', '4,2,8,5,4', '4', '8', '0', '0', '2011-08-26 18:11:05');
INSERT INTO `bet_record` VALUES ('603', '1', '20110826-051', '12', '312', '4,2,8,5,2', '4', '8', '0', '0', '2011-08-26 18:11:05');
INSERT INTO `bet_record` VALUES ('604', '1', '20110826-051', '12', '312', '4,2,8,9,8', '4', '8', '0', '0', '2011-08-26 18:11:05');
INSERT INTO `bet_record` VALUES ('605', '1', '20110826-051', '12', '312', '4,2,8,9,4', '4', '8', '0', '0', '2011-08-26 18:11:05');
INSERT INTO `bet_record` VALUES ('606', '1', '20110826-051', '12', '312', '4,2,8,9,2', '4', '8', '0', '0', '2011-08-26 18:11:05');
INSERT INTO `bet_record` VALUES ('607', '1', '20110826-051', '12', '312', '4,2,3,1,8', '4', '8', '0', '0', '2011-08-26 18:11:05');
INSERT INTO `bet_record` VALUES ('608', '1', '20110826-051', '12', '312', '4,2,3,1,4', '4', '8', '0', '0', '2011-08-26 18:11:05');
INSERT INTO `bet_record` VALUES ('609', '1', '20110826-051', '12', '312', '4,2,3,1,2', '4', '8', '0', '0', '2011-08-26 18:11:05');
INSERT INTO `bet_record` VALUES ('610', '1', '20110826-051', '12', '312', '4,2,3,5,8', '4', '8', '0', '0', '2011-08-26 18:11:05');
INSERT INTO `bet_record` VALUES ('611', '1', '20110826-051', '12', '312', '4,2,3,5,4', '4', '8', '0', '0', '2011-08-26 18:11:05');
INSERT INTO `bet_record` VALUES ('612', '1', '20110826-051', '12', '312', '4,2,3,5,2', '4', '8', '0', '0', '2011-08-26 18:11:05');
INSERT INTO `bet_record` VALUES ('613', '1', '20110826-051', '12', '312', '4,2,3,9,8', '4', '8', '0', '0', '2011-08-26 18:11:05');
INSERT INTO `bet_record` VALUES ('614', '1', '20110826-051', '12', '312', '4,2,3,9,4', '4', '8', '0', '0', '2011-08-26 18:11:05');
INSERT INTO `bet_record` VALUES ('615', '1', '20110826-051', '12', '312', '4,2,3,9,2', '4', '8', '0', '0', '2011-08-26 18:11:05');
INSERT INTO `bet_record` VALUES ('616', '1', '20110826-051', '12', '312', '4,6,7,1,8', '4', '8', '0', '0', '2011-08-26 18:11:05');
INSERT INTO `bet_record` VALUES ('617', '1', '20110826-051', '12', '312', '4,6,7,1,4', '4', '8', '0', '0', '2011-08-26 18:11:05');
INSERT INTO `bet_record` VALUES ('618', '1', '20110826-051', '12', '312', '4,6,7,1,2', '4', '8', '0', '0', '2011-08-26 18:11:05');
INSERT INTO `bet_record` VALUES ('619', '1', '20110826-051', '12', '312', '4,6,7,5,8', '4', '8', '0', '0', '2011-08-26 18:11:05');
INSERT INTO `bet_record` VALUES ('620', '1', '20110826-051', '12', '312', '4,6,7,5,4', '4', '8', '0', '0', '2011-08-26 18:11:05');
INSERT INTO `bet_record` VALUES ('621', '1', '20110826-051', '12', '312', '4,6,7,5,2', '4', '8', '0', '0', '2011-08-26 18:11:05');
INSERT INTO `bet_record` VALUES ('622', '1', '20110826-051', '12', '312', '4,6,7,9,8', '4', '8', '0', '0', '2011-08-26 18:11:05');
INSERT INTO `bet_record` VALUES ('623', '1', '20110826-051', '12', '312', '4,6,7,9,4', '4', '8', '0', '0', '2011-08-26 18:11:05');
INSERT INTO `bet_record` VALUES ('624', '1', '20110826-051', '12', '312', '4,6,7,9,2', '4', '8', '0', '0', '2011-08-26 18:11:05');
INSERT INTO `bet_record` VALUES ('625', '1', '20110826-051', '12', '312', '4,6,8,1,8', '4', '8', '0', '0', '2011-08-26 18:11:05');
INSERT INTO `bet_record` VALUES ('626', '1', '20110826-051', '12', '312', '4,6,8,1,4', '4', '8', '0', '0', '2011-08-26 18:11:05');
INSERT INTO `bet_record` VALUES ('627', '1', '20110826-051', '12', '312', '4,6,8,1,2', '4', '8', '0', '0', '2011-08-26 18:11:05');
INSERT INTO `bet_record` VALUES ('628', '1', '20110826-051', '12', '312', '4,6,8,5,8', '4', '8', '0', '0', '2011-08-26 18:11:05');
INSERT INTO `bet_record` VALUES ('629', '1', '20110826-051', '12', '312', '4,6,8,5,4', '4', '8', '0', '0', '2011-08-26 18:11:05');
INSERT INTO `bet_record` VALUES ('630', '1', '20110826-051', '12', '312', '4,6,8,5,2', '4', '8', '0', '0', '2011-08-26 18:11:05');
INSERT INTO `bet_record` VALUES ('631', '1', '20110826-051', '12', '312', '4,6,8,9,8', '4', '8', '0', '0', '2011-08-26 18:11:05');
INSERT INTO `bet_record` VALUES ('632', '1', '20110826-051', '12', '312', '4,6,8,9,4', '4', '8', '0', '0', '2011-08-26 18:11:05');
INSERT INTO `bet_record` VALUES ('633', '1', '20110826-051', '12', '312', '4,6,8,9,2', '4', '8', '0', '0', '2011-08-26 18:11:05');
INSERT INTO `bet_record` VALUES ('634', '1', '20110826-051', '12', '312', '4,6,3,1,8', '4', '8', '0', '0', '2011-08-26 18:11:05');
INSERT INTO `bet_record` VALUES ('635', '1', '20110826-051', '12', '312', '4,6,3,1,4', '4', '8', '0', '0', '2011-08-26 18:11:05');
INSERT INTO `bet_record` VALUES ('636', '1', '20110826-051', '12', '312', '4,6,3,1,2', '4', '8', '0', '0', '2011-08-26 18:11:05');
INSERT INTO `bet_record` VALUES ('637', '1', '20110826-051', '12', '312', '4,6,3,5,8', '4', '8', '0', '0', '2011-08-26 18:11:05');
INSERT INTO `bet_record` VALUES ('638', '1', '20110826-051', '12', '312', '4,6,3,5,4', '4', '8', '0', '0', '2011-08-26 18:11:05');
INSERT INTO `bet_record` VALUES ('639', '1', '20110826-051', '12', '312', '4,6,3,5,2', '4', '8', '0', '0', '2011-08-26 18:11:05');
INSERT INTO `bet_record` VALUES ('640', '1', '20110826-051', '12', '312', '4,6,3,9,8', '4', '8', '0', '0', '2011-08-26 18:11:05');
INSERT INTO `bet_record` VALUES ('641', '1', '20110826-051', '12', '312', '4,6,3,9,4', '4', '8', '0', '0', '2011-08-26 18:11:05');
INSERT INTO `bet_record` VALUES ('642', '1', '20110826-051', '12', '312', '4,6,3,9,2', '4', '8', '0', '0', '2011-08-26 18:11:05');
INSERT INTO `bet_record` VALUES ('643', '1', '20110826-066', '13', '305', '9', '3', '60', '0', '0', '2011-08-26 00:00:00');
INSERT INTO `bet_record` VALUES ('644', '1', '20110826-066', '13', '304', '13', '3', '450', '0', '0', '2011-08-26 00:00:00');
INSERT INTO `bet_record` VALUES ('645', '1', '20110826-066', '13', '312', '1,2,3,4,5', '3', '6', '0', '0', '2011-08-26 00:00:00');
INSERT INTO `bet_record` VALUES ('646', '1', '20110826-066', '13', '318', '14', '3', '90', '0', '0', '2011-08-26 00:00:00');
INSERT INTO `bet_record` VALUES ('647', '1', '20110826-066', '13', '317', '4', '3', '330', '0', '0', '2011-08-26 00:00:00');
INSERT INTO `bet_record` VALUES ('648', '1', '20110826-066', '13', '315', '3,4,5', '3', '36', '0', '0', '2011-08-26 00:00:00');
INSERT INTO `bet_record` VALUES ('649', '1', '20110826-066', '13', '319', '2,3,4', '3', '36', '0', '0', '2011-08-26 00:00:00');
INSERT INTO `bet_record` VALUES ('650', '1', '20110826-066', '13', '314', '_,_,2,3,4', '3', '6', '0', '0', '2011-08-26 00:00:00');
INSERT INTO `bet_record` VALUES ('651', '1', '20110826-066', '13', '3011', '_,_,_,_,2', '3', '6', '0', '0', '2011-08-26 00:00:00');
INSERT INTO `bet_record` VALUES ('652', '1', '20110826-066', '13', '3012', '_,_,_,3,2', '3', '6', '0', '0', '2011-08-26 00:00:00');
INSERT INTO `bet_record` VALUES ('653', '1', '20110826-066', '13', '3013', '_,_,3,2,1', '3', '6', '0', '0', '2011-08-26 00:00:00');
INSERT INTO `bet_record` VALUES ('654', '1', '20110826-066', '13', '3015', '2,3,4,5,6', '3', '6', '0', '0', '2011-08-26 00:00:00');
INSERT INTO `bet_record` VALUES ('655', '1', '20110826-066', '13', '306', '1,5', '3', '6', '0', '0', '2011-08-26 00:00:00');
INSERT INTO `bet_record` VALUES ('656', '1', '20110826-066', '13', '307', '_,_,_,3,4', '3', '6', '0', '0', '2011-08-26 00:00:00');
INSERT INTO `bet_record` VALUES ('657', '1', '20110826-066', '13', '309', '_,_,_,4,5', '3', '6', '0', '0', '2011-08-26 00:00:00');
INSERT INTO `bet_record` VALUES ('658', '1', '20110826-066', '13', '310', '9', '3', '30', '0', '0', '2011-08-26 00:00:00');
INSERT INTO `bet_record` VALUES ('659', '1', '20110826-066', '13', '311', '5', '3', '60', '0', '0', '2011-08-26 00:00:00');
INSERT INTO `bet_record` VALUES ('660', '1', '20110826-067', '13', '305', '9', '2', '40', '0', '0', '2011-08-26 20:41:02');
INSERT INTO `bet_record` VALUES ('661', '1', '20110826-067', '13', '304', '13', '2', '300', '0', '0', '2011-08-26 20:41:02');
INSERT INTO `bet_record` VALUES ('662', '1', '20110826-067', '13', '312', '1,2,3,4,5', '2', '4', '0', '0', '2011-08-26 20:41:02');
INSERT INTO `bet_record` VALUES ('663', '1', '20110826-067', '13', '318', '14', '2', '60', '0', '0', '2011-08-26 20:41:02');
INSERT INTO `bet_record` VALUES ('664', '1', '20110826-067', '13', '317', '4', '2', '220', '0', '0', '2011-08-26 20:41:02');
INSERT INTO `bet_record` VALUES ('665', '1', '20110826-067', '13', '315', '3,4,5', '2', '24', '0', '0', '2011-08-26 20:41:02');
INSERT INTO `bet_record` VALUES ('666', '1', '20110826-067', '13', '319', '2,3,4', '2', '24', '0', '0', '2011-08-26 20:41:02');
INSERT INTO `bet_record` VALUES ('667', '1', '20110826-067', '13', '314', '_,_,2,3,4', '2', '4', '0', '0', '2011-08-26 20:41:02');
INSERT INTO `bet_record` VALUES ('668', '1', '20110826-067', '13', '3011', '_,_,_,_,2', '2', '4', '0', '0', '2011-08-26 20:41:02');
INSERT INTO `bet_record` VALUES ('669', '1', '20110826-067', '13', '3012', '_,_,_,3,2', '2', '4', '0', '0', '2011-08-26 20:41:02');
INSERT INTO `bet_record` VALUES ('670', '1', '20110826-067', '13', '3013', '_,_,3,2,1', '2', '4', '0', '0', '2011-08-26 20:41:02');
INSERT INTO `bet_record` VALUES ('671', '1', '20110826-067', '13', '3015', '2,3,4,5,6', '2', '4', '0', '0', '2011-08-26 20:41:02');
INSERT INTO `bet_record` VALUES ('672', '1', '20110826-067', '13', '306', '1,5', '2', '4', '0', '0', '2011-08-26 20:41:02');
INSERT INTO `bet_record` VALUES ('673', '1', '20110826-067', '13', '307', '_,_,_,3,4', '2', '4', '0', '0', '2011-08-26 20:41:02');
INSERT INTO `bet_record` VALUES ('674', '1', '20110826-067', '13', '309', '_,_,_,4,5', '2', '4', '0', '0', '2011-08-26 20:41:02');
INSERT INTO `bet_record` VALUES ('675', '1', '20110826-067', '13', '310', '9', '2', '20', '0', '0', '2011-08-26 20:41:02');
INSERT INTO `bet_record` VALUES ('676', '1', '20110826-067', '13', '311', '5', '2', '40', '0', '0', '2011-08-26 20:41:02');
INSERT INTO `bet_record` VALUES ('677', '2', '20110827-013', '14', '305', '9', '1', '20', '0', '0', '2011-08-27 00:00:00');
INSERT INTO `bet_record` VALUES ('678', '2', '20110827-014', '15', '305', '3', '1', '8', '100', '1', '2011-08-27 00:00:00');
INSERT INTO `bet_record` VALUES ('679', '2', '20110827-014', '16', '304', '6', '1', '56', '1000', '1', '2011-08-27 00:00:00');
INSERT INTO `bet_record` VALUES ('680', '2', '20110827-014', '17', '312', '1,2,3,4,5', '1', '2', '0', '2', '2011-08-27 00:00:00');
INSERT INTO `bet_record` VALUES ('681', '2', '20110827-014', '18', '318', '6', '1', '14', '160', '1', '2011-08-27 00:00:00');
INSERT INTO `bet_record` VALUES ('682', '2', '20110827-014', '19', '317', '1,2', '1', '20', '160', '1', '2011-08-27 00:00:00');
INSERT INTO `bet_record` VALUES ('683', '2', '20110827-014', '19', '314', '_,_,1,2,3', '1', '2', '160', '1', '2011-08-27 00:00:00');
INSERT INTO `bet_record` VALUES ('684', '2', '20110827-014', '19', '315', '1,2,3', '1', '12', '0', '2', '2011-08-27 00:00:00');
INSERT INTO `bet_record` VALUES ('685', '2', '20110827-014', '19', '319', '1,2,3', '1', '12', '1000', '1', '2011-08-27 00:00:00');
INSERT INTO `bet_record` VALUES ('686', '2', '20110827-017', '21', '3011', '_,_,_,_,1', '1', '2', '10', '1', '2011-08-27 12:13:22');
INSERT INTO `bet_record` VALUES ('687', '2', '20110827-017', '22', '312', '5,4,3,2,1', '2', '4', '40000', '1', '2011-08-27 12:19:46');
INSERT INTO `bet_record` VALUES ('688', '2', '20110827-030', '23', '3011', '_,_,_,_,1', '4', '8', '40', '1', '2011-08-27 14:23:59');
INSERT INTO `bet_record` VALUES ('689', '2', '20110827-030', '23', '3012', '_,_,_,2,1', '4', '8', '400', '1', '2011-08-27 14:23:59');
INSERT INTO `bet_record` VALUES ('690', '2', '20110827-030', '23', '3013', '_,_,3,2,1', '4', '8', '4000', '1', '2011-08-27 14:23:59');
INSERT INTO `bet_record` VALUES ('691', '2', '20110827-030', '23', '3015', '5,4,3,2,1', '4', '8', '400000', '1', '2011-08-27 14:23:59');
INSERT INTO `bet_record` VALUES ('692', '2', '20110827-030', '23', '306', '1,1', '4', '8', '16', '1', '2011-08-27 14:23:59');
INSERT INTO `bet_record` VALUES ('693', '2', '20110827-030', '23', '306', '4,5', '4', '8', '16', '1', '2011-08-27 14:23:59');
INSERT INTO `bet_record` VALUES ('694', '2', '20110827-030', '23', '307', '_,_,_,1,2', '4', '8', '200', '1', '2011-08-27 14:23:59');
INSERT INTO `bet_record` VALUES ('695', '2', '20110827-030', '23', '309', '_,_,_,2,1', '4', '8', '200', '1', '2011-08-27 14:23:59');
INSERT INTO `bet_record` VALUES ('696', '2', '20110827-030', '23', '310', '3', '4', '16', '200', '1', '2011-08-27 14:23:59');
INSERT INTO `bet_record` VALUES ('697', '2', '20110827-030', '23', '311', '3', '4', '80', '0', '2', '2011-08-27 14:23:59');
INSERT INTO `bet_record` VALUES ('698', '2', '20110827-031', '23', '3011', '_,_,_,_,1', '3', '6', '30', '1', '2011-08-27 14:31:09');
INSERT INTO `bet_record` VALUES ('699', '2', '20110827-031', '23', '3012', '_,_,_,2,1', '3', '6', '300', '1', '2011-08-27 14:31:09');
INSERT INTO `bet_record` VALUES ('700', '2', '20110827-031', '23', '3013', '_,_,3,2,1', '3', '6', '3000', '1', '2011-08-27 14:31:09');
INSERT INTO `bet_record` VALUES ('701', '2', '20110827-031', '23', '3015', '5,4,3,2,1', '3', '6', '300000', '1', '2011-08-27 14:31:09');
INSERT INTO `bet_record` VALUES ('702', '2', '20110827-031', '23', '306', '1,1', '3', '6', '12', '1', '2011-08-27 14:31:09');
INSERT INTO `bet_record` VALUES ('703', '2', '20110827-031', '23', '306', '4,5', '3', '6', '12', '1', '2011-08-27 14:31:09');
INSERT INTO `bet_record` VALUES ('704', '2', '20110827-031', '23', '307', '_,_,_,1,2', '3', '6', '150', '1', '2011-08-27 14:31:09');
INSERT INTO `bet_record` VALUES ('705', '2', '20110827-031', '23', '309', '_,_,_,2,1', '3', '6', '150', '1', '2011-08-27 14:31:09');
INSERT INTO `bet_record` VALUES ('706', '2', '20110827-031', '23', '310', '3', '3', '12', '150', '1', '2011-08-27 14:31:09');
INSERT INTO `bet_record` VALUES ('707', '2', '20110827-031', '23', '311', '3', '3', '60', '0', '2', '2011-08-27 14:31:09');
INSERT INTO `bet_record` VALUES ('708', '2', '20110827-069', '25', '3011', '_,_,_,_,3', '1', '2', '0', '2', '2011-08-27 19:54:51');
INSERT INTO `bet_record` VALUES ('709', '2', '20110827-069', '25', '3012', '_,_,_,4,2', '1', '2', '0', '2', '2011-08-27 19:54:51');
INSERT INTO `bet_record` VALUES ('710', '2', '20110827-069', '25', '312', '5,4,3,2,1', '1', '2', '20000', '1', '2011-08-27 19:54:51');
INSERT INTO `bet_record` VALUES ('711', '2', '20110827-069', '25', '305', '10', '1', '18', '0', '2', '2011-08-27 19:54:51');
INSERT INTO `bet_record` VALUES ('712', '2', '20110827-069', '25', '306', '1,1', '1', '2', '4', '1', '2011-08-27 19:54:51');
INSERT INTO `bet_record` VALUES ('713', '2', '20110827-069', '25', '309', '_,_,_,3,5', '1', '2', '0', '2', '2011-08-27 19:54:51');
INSERT INTO `bet_record` VALUES ('714', '2', '20110827-069', '25', '319', '2,3,4', '1', '12', '0', '2', '2011-08-27 19:54:51');
INSERT INTO `bet_record` VALUES ('715', '2', '20110827-069', '25', '3011', '_,_,_,_,3', '1', '2', '0', '2', '2011-08-27 19:54:51');
INSERT INTO `bet_record` VALUES ('716', '2', '20110827-069', '25', '3012', '_,_,_,4,2', '1', '2', '0', '2', '2011-08-27 19:54:51');
INSERT INTO `bet_record` VALUES ('717', '2', '20110827-069', '25', '312', '5,4,3,2,1', '1', '2', '20000', '1', '2011-08-27 19:54:51');
INSERT INTO `bet_record` VALUES ('718', '2', '20110827-069', '25', '305', '10', '1', '18', '0', '2', '2011-08-27 19:54:51');
INSERT INTO `bet_record` VALUES ('719', '2', '20110827-069', '25', '306', '1,1', '1', '2', '4', '1', '2011-08-27 19:54:51');
INSERT INTO `bet_record` VALUES ('720', '2', '20110827-069', '25', '309', '_,_,_,3,5', '1', '2', '0', '2', '2011-08-27 19:54:51');
INSERT INTO `bet_record` VALUES ('721', '2', '20110827-069', '25', '319', '2,3,4', '1', '12', '0', '2', '2011-08-27 19:54:51');
INSERT INTO `bet_record` VALUES ('722', '2', '20110827-069', '25', '3011', '_,_,_,_,3', '1', '2', '0', '2', '2011-08-27 19:54:52');
INSERT INTO `bet_record` VALUES ('723', '2', '20110827-069', '25', '3012', '_,_,_,4,2', '1', '2', '0', '2', '2011-08-27 19:54:52');
INSERT INTO `bet_record` VALUES ('724', '2', '20110827-069', '25', '312', '5,4,3,2,1', '1', '2', '20000', '1', '2011-08-27 19:54:52');
INSERT INTO `bet_record` VALUES ('725', '2', '20110827-069', '25', '305', '10', '1', '18', '0', '2', '2011-08-27 19:54:52');
INSERT INTO `bet_record` VALUES ('726', '2', '20110827-069', '25', '306', '1,1', '1', '2', '4', '1', '2011-08-27 19:54:52');
INSERT INTO `bet_record` VALUES ('727', '2', '20110827-069', '25', '309', '_,_,_,3,5', '1', '2', '0', '2', '2011-08-27 19:54:52');
INSERT INTO `bet_record` VALUES ('728', '2', '20110827-069', '25', '319', '2,3,4', '1', '12', '0', '2', '2011-08-27 19:54:52');
INSERT INTO `bet_record` VALUES ('729', '2', '20110827-069', '25', '3011', '_,_,_,_,3', '1', '2', '0', '2', '2011-08-27 19:54:52');
INSERT INTO `bet_record` VALUES ('730', '2', '20110827-069', '25', '3012', '_,_,_,4,2', '1', '2', '0', '2', '2011-08-27 19:54:52');
INSERT INTO `bet_record` VALUES ('731', '2', '20110827-069', '25', '312', '5,4,3,2,1', '1', '2', '20000', '1', '2011-08-27 19:54:52');
INSERT INTO `bet_record` VALUES ('732', '2', '20110827-069', '25', '305', '10', '1', '18', '0', '2', '2011-08-27 19:54:52');
INSERT INTO `bet_record` VALUES ('733', '2', '20110827-069', '25', '306', '1,1', '1', '2', '4', '1', '2011-08-27 19:54:52');
INSERT INTO `bet_record` VALUES ('734', '2', '20110827-069', '25', '309', '_,_,_,3,5', '1', '2', '0', '2', '2011-08-27 19:54:52');
INSERT INTO `bet_record` VALUES ('735', '2', '20110827-069', '25', '319', '2,3,4', '1', '12', '0', '2', '2011-08-27 19:54:52');
INSERT INTO `bet_record` VALUES ('736', '2', '20110827-069', '25', '3011', '_,_,_,_,3', '1', '2', '0', '2', '2011-08-27 19:54:52');
INSERT INTO `bet_record` VALUES ('737', '2', '20110827-069', '25', '3012', '_,_,_,4,2', '1', '2', '0', '2', '2011-08-27 19:54:52');
INSERT INTO `bet_record` VALUES ('738', '2', '20110827-069', '25', '312', '5,4,3,2,1', '1', '2', '20000', '1', '2011-08-27 19:54:52');
INSERT INTO `bet_record` VALUES ('739', '2', '20110827-069', '25', '305', '10', '1', '18', '0', '2', '2011-08-27 19:54:52');
INSERT INTO `bet_record` VALUES ('740', '2', '20110827-069', '25', '306', '1,1', '1', '2', '4', '1', '2011-08-27 19:54:52');
INSERT INTO `bet_record` VALUES ('741', '2', '20110827-069', '25', '309', '_,_,_,3,5', '1', '2', '0', '2', '2011-08-27 19:54:52');
INSERT INTO `bet_record` VALUES ('742', '2', '20110827-069', '25', '319', '2,3,4', '1', '12', '0', '2', '2011-08-27 19:54:52');
INSERT INTO `bet_record` VALUES ('743', '2', '20110827-070', '26', '3011', '_,_,_,_,1', '2', '4', '20', '1', '2011-08-27 20:06:52');
INSERT INTO `bet_record` VALUES ('744', '2', '20110827-070', '26', '3012', '_,_,_,2,1', '2', '4', '200', '1', '2011-08-27 20:06:52');
INSERT INTO `bet_record` VALUES ('745', '2', '20110827-070', '26', '3013', '_,_,3,2,1', '2', '4', '2000', '1', '2011-08-27 20:06:52');
INSERT INTO `bet_record` VALUES ('746', '2', '20110827-070', '26', '3015', '5,4,3,2,1', '2', '4', '200000', '1', '2011-08-27 20:06:52');
INSERT INTO `bet_record` VALUES ('747', '2', '20110827-070', '26', '305', '3', '2', '16', '200', '1', '2011-08-27 20:06:52');
INSERT INTO `bet_record` VALUES ('748', '2', '20110827-070', '26', '304', '6', '2', '112', '2000', '1', '2011-08-27 20:06:52');
INSERT INTO `bet_record` VALUES ('749', '2', '20110827-070', '26', '312', '5,4,3,2,1', '2', '4', '40000', '1', '2011-08-27 20:06:52');
INSERT INTO `bet_record` VALUES ('750', '2', '20110827-070', '26', '318', '6', '2', '28', '320', '1', '2011-08-27 20:06:52');
INSERT INTO `bet_record` VALUES ('751', '2', '20110827-070', '26', '317', '2,1', '2', '40', '320', '1', '2011-08-27 20:06:52');
INSERT INTO `bet_record` VALUES ('752', '2', '20110827-070', '26', '315', '1,2,3', '2', '24', '0', '2', '2011-08-27 20:06:52');
INSERT INTO `bet_record` VALUES ('753', '2', '20110827-070', '26', '319', '1,2,3', '2', '24', '2000', '1', '2011-08-27 20:06:52');
INSERT INTO `bet_record` VALUES ('754', '2', '20110827-070', '26', '314', '_,_,1,2,3', '2', '4', '320', '1', '2011-08-27 20:06:52');
INSERT INTO `bet_record` VALUES ('755', '2', '20110827-070', '26', '306', '1,1', '2', '4', '8', '1', '2011-08-27 20:06:52');
INSERT INTO `bet_record` VALUES ('756', '2', '20110827-070', '26', '306', '4,5', '2', '4', '8', '1', '2011-08-27 20:06:52');
INSERT INTO `bet_record` VALUES ('757', '2', '20110827-070', '26', '307', '_,_,_,1,2', '2', '4', '100', '1', '2011-08-27 20:06:52');
INSERT INTO `bet_record` VALUES ('758', '2', '20110827-070', '26', '309', '_,_,_,2,1', '2', '4', '100', '1', '2011-08-27 20:06:52');
INSERT INTO `bet_record` VALUES ('759', '2', '20110827-070', '26', '310', '3', '2', '8', '100', '1', '2011-08-27 20:06:52');
INSERT INTO `bet_record` VALUES ('760', '2', '20110827-070', '26', '311', '1', '2', '40', '100', '1', '2011-08-27 20:06:52');
INSERT INTO `bet_record` VALUES ('761', '2', '20110827-071', '26', '3011', '_,_,_,_,1', '2', '4', '20', '1', '2011-08-27 20:06:53');
INSERT INTO `bet_record` VALUES ('762', '2', '20110827-071', '26', '3012', '_,_,_,2,1', '2', '4', '200', '1', '2011-08-27 20:06:53');
INSERT INTO `bet_record` VALUES ('763', '2', '20110827-071', '26', '3013', '_,_,3,2,1', '2', '4', '2000', '1', '2011-08-27 20:06:53');
INSERT INTO `bet_record` VALUES ('764', '2', '20110827-071', '26', '3015', '5,4,3,2,1', '2', '4', '200000', '1', '2011-08-27 20:06:53');
INSERT INTO `bet_record` VALUES ('765', '2', '20110827-071', '26', '305', '3', '2', '16', '200', '1', '2011-08-27 20:06:53');
INSERT INTO `bet_record` VALUES ('766', '2', '20110827-071', '26', '304', '6', '2', '112', '2000', '1', '2011-08-27 20:06:53');
INSERT INTO `bet_record` VALUES ('767', '2', '20110827-071', '26', '312', '5,4,3,2,1', '2', '4', '40000', '1', '2011-08-27 20:06:53');
INSERT INTO `bet_record` VALUES ('768', '2', '20110827-071', '26', '318', '6', '2', '28', '320', '1', '2011-08-27 20:06:53');
INSERT INTO `bet_record` VALUES ('769', '2', '20110827-071', '26', '317', '2,1', '2', '40', '320', '1', '2011-08-27 20:06:53');
INSERT INTO `bet_record` VALUES ('770', '2', '20110827-071', '26', '315', '1,2,3', '2', '24', '0', '2', '2011-08-27 20:06:53');
INSERT INTO `bet_record` VALUES ('771', '2', '20110827-071', '26', '319', '1,2,3', '2', '24', '2000', '1', '2011-08-27 20:06:53');
INSERT INTO `bet_record` VALUES ('772', '2', '20110827-071', '26', '314', '_,_,1,2,3', '2', '4', '320', '1', '2011-08-27 20:06:53');
INSERT INTO `bet_record` VALUES ('773', '2', '20110827-071', '26', '306', '1,1', '2', '4', '8', '1', '2011-08-27 20:06:53');
INSERT INTO `bet_record` VALUES ('774', '2', '20110827-071', '26', '306', '4,5', '2', '4', '8', '1', '2011-08-27 20:06:53');
INSERT INTO `bet_record` VALUES ('775', '2', '20110827-071', '26', '307', '_,_,_,1,2', '2', '4', '100', '1', '2011-08-27 20:06:53');
INSERT INTO `bet_record` VALUES ('776', '2', '20110827-071', '26', '309', '_,_,_,2,1', '2', '4', '100', '1', '2011-08-27 20:06:53');
INSERT INTO `bet_record` VALUES ('777', '2', '20110827-071', '26', '310', '3', '2', '8', '100', '1', '2011-08-27 20:06:53');
INSERT INTO `bet_record` VALUES ('778', '2', '20110827-071', '26', '311', '1', '2', '40', '100', '1', '2011-08-27 20:06:53');
INSERT INTO `bet_record` VALUES ('779', '2', '20110827-072', '26', '3011', '_,_,_,_,1', '2', '4', '20', '1', '2011-08-27 20:06:54');
INSERT INTO `bet_record` VALUES ('780', '2', '20110827-072', '26', '3012', '_,_,_,2,1', '2', '4', '200', '1', '2011-08-27 20:06:54');
INSERT INTO `bet_record` VALUES ('781', '2', '20110827-072', '26', '3013', '_,_,3,2,1', '2', '4', '2000', '1', '2011-08-27 20:06:54');
INSERT INTO `bet_record` VALUES ('782', '2', '20110827-072', '26', '3015', '5,4,3,2,1', '2', '4', '200000', '1', '2011-08-27 20:06:54');
INSERT INTO `bet_record` VALUES ('783', '2', '20110827-072', '26', '305', '3', '2', '16', '200', '1', '2011-08-27 20:06:54');
INSERT INTO `bet_record` VALUES ('784', '2', '20110827-072', '26', '304', '6', '2', '112', '2000', '1', '2011-08-27 20:06:54');
INSERT INTO `bet_record` VALUES ('785', '2', '20110827-072', '26', '312', '5,4,3,2,1', '2', '4', '40000', '1', '2011-08-27 20:06:54');
INSERT INTO `bet_record` VALUES ('786', '2', '20110827-072', '26', '318', '6', '2', '28', '320', '1', '2011-08-27 20:06:54');
INSERT INTO `bet_record` VALUES ('787', '2', '20110827-072', '26', '317', '2,1', '2', '40', '320', '1', '2011-08-27 20:06:54');
INSERT INTO `bet_record` VALUES ('788', '2', '20110827-072', '26', '315', '1,2,3', '2', '24', '0', '2', '2011-08-27 20:06:54');
INSERT INTO `bet_record` VALUES ('789', '2', '20110827-072', '26', '319', '1,2,3', '2', '24', '2000', '1', '2011-08-27 20:06:54');
INSERT INTO `bet_record` VALUES ('790', '2', '20110827-072', '26', '314', '_,_,1,2,3', '2', '4', '320', '1', '2011-08-27 20:06:54');
INSERT INTO `bet_record` VALUES ('791', '2', '20110827-072', '26', '306', '1,1', '2', '4', '8', '1', '2011-08-27 20:06:54');
INSERT INTO `bet_record` VALUES ('792', '2', '20110827-072', '26', '306', '4,5', '2', '4', '8', '1', '2011-08-27 20:06:54');
INSERT INTO `bet_record` VALUES ('793', '2', '20110827-072', '26', '307', '_,_,_,1,2', '2', '4', '100', '1', '2011-08-27 20:06:54');
INSERT INTO `bet_record` VALUES ('794', '2', '20110827-072', '26', '309', '_,_,_,2,1', '2', '4', '100', '1', '2011-08-27 20:06:54');
INSERT INTO `bet_record` VALUES ('795', '2', '20110827-072', '26', '310', '3', '2', '8', '100', '1', '2011-08-27 20:06:54');
INSERT INTO `bet_record` VALUES ('796', '2', '20110827-072', '26', '311', '1', '2', '40', '100', '1', '2011-08-27 20:06:54');
INSERT INTO `bet_record` VALUES ('797', '2', '20110827-073', '26', '3011', '_,_,_,_,1', '2', '4', '20', '1', '2011-08-27 20:06:55');
INSERT INTO `bet_record` VALUES ('798', '2', '20110827-073', '26', '3012', '_,_,_,2,1', '2', '4', '200', '1', '2011-08-27 20:06:55');
INSERT INTO `bet_record` VALUES ('799', '2', '20110827-073', '26', '3013', '_,_,3,2,1', '2', '4', '2000', '1', '2011-08-27 20:06:55');
INSERT INTO `bet_record` VALUES ('800', '2', '20110827-073', '26', '3015', '5,4,3,2,1', '2', '4', '200000', '1', '2011-08-27 20:06:55');
INSERT INTO `bet_record` VALUES ('801', '2', '20110827-073', '26', '305', '3', '2', '16', '200', '1', '2011-08-27 20:06:55');
INSERT INTO `bet_record` VALUES ('802', '2', '20110827-073', '26', '304', '6', '2', '112', '2000', '1', '2011-08-27 20:06:55');
INSERT INTO `bet_record` VALUES ('803', '2', '20110827-073', '26', '312', '5,4,3,2,1', '2', '4', '40000', '1', '2011-08-27 20:06:55');
INSERT INTO `bet_record` VALUES ('804', '2', '20110827-073', '26', '318', '6', '2', '28', '320', '1', '2011-08-27 20:06:55');
INSERT INTO `bet_record` VALUES ('805', '2', '20110827-073', '26', '317', '2,1', '2', '40', '320', '1', '2011-08-27 20:06:55');
INSERT INTO `bet_record` VALUES ('806', '2', '20110827-073', '26', '315', '1,2,3', '2', '24', '0', '2', '2011-08-27 20:06:55');
INSERT INTO `bet_record` VALUES ('807', '2', '20110827-073', '26', '319', '1,2,3', '2', '24', '2000', '1', '2011-08-27 20:06:55');
INSERT INTO `bet_record` VALUES ('808', '2', '20110827-073', '26', '314', '_,_,1,2,3', '2', '4', '320', '1', '2011-08-27 20:06:55');
INSERT INTO `bet_record` VALUES ('809', '2', '20110827-073', '26', '306', '1,1', '2', '4', '8', '1', '2011-08-27 20:06:55');
INSERT INTO `bet_record` VALUES ('810', '2', '20110827-073', '26', '306', '4,5', '2', '4', '8', '1', '2011-08-27 20:06:55');
INSERT INTO `bet_record` VALUES ('811', '2', '20110827-073', '26', '307', '_,_,_,1,2', '2', '4', '100', '1', '2011-08-27 20:06:55');
INSERT INTO `bet_record` VALUES ('812', '2', '20110827-073', '26', '309', '_,_,_,2,1', '2', '4', '100', '1', '2011-08-27 20:06:55');
INSERT INTO `bet_record` VALUES ('813', '2', '20110827-073', '26', '310', '3', '2', '8', '100', '1', '2011-08-27 20:06:55');
INSERT INTO `bet_record` VALUES ('814', '2', '20110827-073', '26', '311', '1', '2', '40', '100', '1', '2011-08-27 20:06:55');
INSERT INTO `bet_record` VALUES ('815', '2', '20110827-074', '26', '3011', '_,_,_,_,1', '2', '4', '20', '1', '2011-08-27 20:06:55');
INSERT INTO `bet_record` VALUES ('816', '2', '20110827-074', '26', '3012', '_,_,_,2,1', '2', '4', '200', '1', '2011-08-27 20:06:55');
INSERT INTO `bet_record` VALUES ('817', '2', '20110827-074', '26', '3013', '_,_,3,2,1', '2', '4', '2000', '1', '2011-08-27 20:06:55');
INSERT INTO `bet_record` VALUES ('818', '2', '20110827-074', '26', '3015', '5,4,3,2,1', '2', '4', '200000', '1', '2011-08-27 20:06:55');
INSERT INTO `bet_record` VALUES ('819', '2', '20110827-074', '26', '305', '3', '2', '16', '200', '1', '2011-08-27 20:06:55');
INSERT INTO `bet_record` VALUES ('820', '2', '20110827-074', '26', '304', '6', '2', '112', '2000', '1', '2011-08-27 20:06:55');
INSERT INTO `bet_record` VALUES ('821', '2', '20110827-074', '26', '312', '5,4,3,2,1', '2', '4', '40000', '1', '2011-08-27 20:06:55');
INSERT INTO `bet_record` VALUES ('822', '2', '20110827-074', '26', '318', '6', '2', '28', '320', '1', '2011-08-27 20:06:55');
INSERT INTO `bet_record` VALUES ('823', '2', '20110827-074', '26', '317', '2,1', '2', '40', '320', '1', '2011-08-27 20:06:55');
INSERT INTO `bet_record` VALUES ('824', '2', '20110827-074', '26', '315', '1,2,3', '2', '24', '0', '2', '2011-08-27 20:06:55');
INSERT INTO `bet_record` VALUES ('825', '2', '20110827-074', '26', '319', '1,2,3', '2', '24', '2000', '1', '2011-08-27 20:06:55');
INSERT INTO `bet_record` VALUES ('826', '2', '20110827-074', '26', '314', '_,_,1,2,3', '2', '4', '320', '1', '2011-08-27 20:06:55');
INSERT INTO `bet_record` VALUES ('827', '2', '20110827-074', '26', '306', '1,1', '2', '4', '8', '1', '2011-08-27 20:06:55');
INSERT INTO `bet_record` VALUES ('828', '2', '20110827-074', '26', '306', '4,5', '2', '4', '8', '1', '2011-08-27 20:06:55');
INSERT INTO `bet_record` VALUES ('829', '2', '20110827-074', '26', '307', '_,_,_,1,2', '2', '4', '100', '1', '2011-08-27 20:06:55');
INSERT INTO `bet_record` VALUES ('830', '2', '20110827-074', '26', '309', '_,_,_,2,1', '2', '4', '100', '1', '2011-08-27 20:06:55');
INSERT INTO `bet_record` VALUES ('831', '2', '20110827-074', '26', '310', '3', '2', '8', '100', '1', '2011-08-27 20:06:55');
INSERT INTO `bet_record` VALUES ('832', '2', '20110827-074', '26', '311', '1', '2', '40', '100', '1', '2011-08-27 20:06:55');
INSERT INTO `bet_record` VALUES ('833', '2', '20110827-077', '27', '3011', '_,_,_,_,1', '1', '2', '10', '1', '2011-08-27 21:03:57');
INSERT INTO `bet_record` VALUES ('834', '2', '20120916-001', '28', '3011', '_,_,_,_,3', '1', '2', '0', '0', '2012-09-16 18:51:59');
INSERT INTO `bet_record` VALUES ('835', '2', '20120916-001', '29', '316', '3,5,7,8', '1', '8', '0', '0', '2012-09-16 18:52:44');
INSERT INTO `bet_record` VALUES ('836', '2', '20120916-002', '29', '316', '3,5,7,8', '1', '8', '0', '0', '2012-09-16 18:52:44');
INSERT INTO `bet_record` VALUES ('837', '2', '20120916-003', '29', '316', '3,5,7,8', '1', '8', '0', '0', '2012-09-16 18:52:44');

-- ----------------------------
-- Table structure for `bonus_record`
-- ----------------------------
DROP TABLE IF EXISTS `bonus_record`;
CREATE TABLE `bonus_record` (
  `b_issue` varchar(20) NOT NULL default '',
  `b_number` varchar(20) default NULL,
  `b_date` varchar(20) default NULL,
  PRIMARY KEY  (`b_issue`),
  UNIQUE KEY `bonusId` (`b_issue`),
  KEY `bonusDate` (`b_date`)
) ENGINE=InnoDB DEFAULT CHARSET=utf8;

-- ----------------------------
-- Records of bonus_record
-- ----------------------------
INSERT INTO `bonus_record` VALUES ('20110815-001', '07011', '20110815');
INSERT INTO `bonus_record` VALUES ('20110815-002', '28962', '20110815');
INSERT INTO `bonus_record` VALUES ('20110815-003', '62048', '20110815');
INSERT INTO `bonus_record` VALUES ('20110815-004', '68812', '20110815');
INSERT INTO `bonus_record` VALUES ('20110815-005', '08018', '20110815');
INSERT INTO `bonus_record` VALUES ('20110815-006', '46733', '20110815');
INSERT INTO `bonus_record` VALUES ('20110815-007', '91745', '20110815');
INSERT INTO `bonus_record` VALUES ('20110815-008', '36549', '20110815');
INSERT INTO `bonus_record` VALUES ('20110815-009', '58302', '20110815');
INSERT INTO `bonus_record` VALUES ('20110815-010', '41813', '20110815');
INSERT INTO `bonus_record` VALUES ('20110815-011', '55580', '20110815');
INSERT INTO `bonus_record` VALUES ('20110815-012', '58936', '20110815');
INSERT INTO `bonus_record` VALUES ('20110815-013', '58240', '20110815');
INSERT INTO `bonus_record` VALUES ('20110815-014', '74662', '20110815');
INSERT INTO `bonus_record` VALUES ('20110815-015', '65846', '20110815');
INSERT INTO `bonus_record` VALUES ('20110815-016', '89348', '20110815');
INSERT INTO `bonus_record` VALUES ('20110815-017', '76259', '20110815');
INSERT INTO `bonus_record` VALUES ('20110815-018', '67662', '20110815');
INSERT INTO `bonus_record` VALUES ('20110815-019', '15557', '20110815');
INSERT INTO `bonus_record` VALUES ('20110815-020', '62023', '20110815');
INSERT INTO `bonus_record` VALUES ('20110815-021', '68703', '20110815');
INSERT INTO `bonus_record` VALUES ('20110815-022', '34971', '20110815');
INSERT INTO `bonus_record` VALUES ('20110815-023', '11063', '20110815');
INSERT INTO `bonus_record` VALUES ('20110815-024', '30919', '20110815');
INSERT INTO `bonus_record` VALUES ('20110815-025', '36112', '20110815');
INSERT INTO `bonus_record` VALUES ('20110815-026', '11495', '20110815');
INSERT INTO `bonus_record` VALUES ('20110815-027', '93357', '20110815');
INSERT INTO `bonus_record` VALUES ('20110815-028', '70246', '20110815');
INSERT INTO `bonus_record` VALUES ('20110815-029', '53797', '20110815');
INSERT INTO `bonus_record` VALUES ('20110815-030', '46453', '20110815');
INSERT INTO `bonus_record` VALUES ('20110815-031', '67652', '20110815');
INSERT INTO `bonus_record` VALUES ('20110815-032', '77684', '20110815');
INSERT INTO `bonus_record` VALUES ('20110815-033', '42578', '20110815');
INSERT INTO `bonus_record` VALUES ('20110815-034', '28784', '20110815');
INSERT INTO `bonus_record` VALUES ('20110815-035', '13472', '20110815');
INSERT INTO `bonus_record` VALUES ('20110815-036', '56313', '20110815');
INSERT INTO `bonus_record` VALUES ('20110815-037', '69889', '20110815');
INSERT INTO `bonus_record` VALUES ('20110815-038', '04273', '20110815');
INSERT INTO `bonus_record` VALUES ('20110815-039', '30271', '20110815');
INSERT INTO `bonus_record` VALUES ('20110815-040', '03322', '20110815');
INSERT INTO `bonus_record` VALUES ('20110815-041', '61287', '20110815');
INSERT INTO `bonus_record` VALUES ('20110824-001', '76495', '20110824');
INSERT INTO `bonus_record` VALUES ('20110824-002', '83151', '20110824');
INSERT INTO `bonus_record` VALUES ('20110824-003', '40746', '20110824');
INSERT INTO `bonus_record` VALUES ('20110824-004', '24588', '20110824');
INSERT INTO `bonus_record` VALUES ('20110824-005', '46513', '20110824');
INSERT INTO `bonus_record` VALUES ('20110824-006', '29579', '20110824');
INSERT INTO `bonus_record` VALUES ('20110824-007', '47609', '20110824');
INSERT INTO `bonus_record` VALUES ('20110824-008', '86708', '20110824');
INSERT INTO `bonus_record` VALUES ('20110824-009', '28443', '20110824');
INSERT INTO `bonus_record` VALUES ('20110824-010', '83662', '20110824');
INSERT INTO `bonus_record` VALUES ('20110824-011', '61649', '20110824');
INSERT INTO `bonus_record` VALUES ('20110824-012', '78742', '20110824');
INSERT INTO `bonus_record` VALUES ('20110824-013', '34885', '20110824');
INSERT INTO `bonus_record` VALUES ('20110824-014', '76364', '20110824');
INSERT INTO `bonus_record` VALUES ('20110824-015', '01807', '20110824');
INSERT INTO `bonus_record` VALUES ('20110824-016', '66673', '20110824');
INSERT INTO `bonus_record` VALUES ('20110824-017', '10365', '20110824');
INSERT INTO `bonus_record` VALUES ('20110824-018', '02116', '20110824');
INSERT INTO `bonus_record` VALUES ('20110824-019', '28992', '20110824');
INSERT INTO `bonus_record` VALUES ('20110824-020', '95797', '20110824');
INSERT INTO `bonus_record` VALUES ('20110824-021', '07236', '20110824');
INSERT INTO `bonus_record` VALUES ('20110824-022', '19610', '20110824');
INSERT INTO `bonus_record` VALUES ('20110824-023', '76464', '20110824');
INSERT INTO `bonus_record` VALUES ('20110824-024', '55626', '20110824');
INSERT INTO `bonus_record` VALUES ('20110824-025', '50917', '20110824');
INSERT INTO `bonus_record` VALUES ('20110824-026', '72130', '20110824');
INSERT INTO `bonus_record` VALUES ('20110824-027', '73738', '20110824');
INSERT INTO `bonus_record` VALUES ('20110824-028', '82160', '20110824');
INSERT INTO `bonus_record` VALUES ('20110824-029', '79891', '20110824');
INSERT INTO `bonus_record` VALUES ('20110824-030', '37847', '20110824');
INSERT INTO `bonus_record` VALUES ('20110824-031', '73930', '20110824');
INSERT INTO `bonus_record` VALUES ('20110824-032', '16512', '20110824');
INSERT INTO `bonus_record` VALUES ('20110824-033', '47806', '20110824');
INSERT INTO `bonus_record` VALUES ('20110824-034', '71243', '20110824');
INSERT INTO `bonus_record` VALUES ('20110824-035', '46119', '20110824');
INSERT INTO `bonus_record` VALUES ('20110824-036', '82482', '20110824');
INSERT INTO `bonus_record` VALUES ('20110824-037', '87889', '20110824');
INSERT INTO `bonus_record` VALUES ('20110824-038', '64377', '20110824');
INSERT INTO `bonus_record` VALUES ('20110824-039', '47415', '20110824');
INSERT INTO `bonus_record` VALUES ('20110824-040', '15672', '20110824');
INSERT INTO `bonus_record` VALUES ('20110824-041', '05409', '20110824');
INSERT INTO `bonus_record` VALUES ('20110824-042', '29773', '20110824');
INSERT INTO `bonus_record` VALUES ('20110824-043', '58404', '20110824');
INSERT INTO `bonus_record` VALUES ('20110824-044', '64980', '20110824');
INSERT INTO `bonus_record` VALUES ('20110824-045', '20334', '20110824');
INSERT INTO `bonus_record` VALUES ('20110824-046', '88042', '20110824');
INSERT INTO `bonus_record` VALUES ('20110824-047', '80100', '20110824');
INSERT INTO `bonus_record` VALUES ('20110824-048', '25916', '20110824');
INSERT INTO `bonus_record` VALUES ('20110824-049', '86315', '20110824');
INSERT INTO `bonus_record` VALUES ('20110824-050', '27769', '20110824');
INSERT INTO `bonus_record` VALUES ('20110824-051', '18847', '20110824');
INSERT INTO `bonus_record` VALUES ('20110824-052', '76295', '20110824');
INSERT INTO `bonus_record` VALUES ('20110824-053', '65484', '20110824');
INSERT INTO `bonus_record` VALUES ('20110824-054', '99452', '20110824');
INSERT INTO `bonus_record` VALUES ('20110824-055', '60490', '20110824');
INSERT INTO `bonus_record` VALUES ('20110824-056', '14169', '20110824');
INSERT INTO `bonus_record` VALUES ('20110824-057', '61693', '20110824');
INSERT INTO `bonus_record` VALUES ('20110824-058', '61056', '20110824');
INSERT INTO `bonus_record` VALUES ('20110824-059', '88335', '20110824');
INSERT INTO `bonus_record` VALUES ('20110824-060', '66751', '20110824');
INSERT INTO `bonus_record` VALUES ('20110824-061', '72359', '20110824');
INSERT INTO `bonus_record` VALUES ('20110824-062', '79830', '20110824');
INSERT INTO `bonus_record` VALUES ('20110824-063', '99586', '20110824');
INSERT INTO `bonus_record` VALUES ('20110824-064', '03008', '20110824');
INSERT INTO `bonus_record` VALUES ('20110824-065', '58924', '20110824');
INSERT INTO `bonus_record` VALUES ('20110824-066', '04897', '20110824');
INSERT INTO `bonus_record` VALUES ('20110824-067', '63610', '20110824');
INSERT INTO `bonus_record` VALUES ('20110824-068', '85551', '20110824');
INSERT INTO `bonus_record` VALUES ('20110824-069', '92797', '20110824');
INSERT INTO `bonus_record` VALUES ('20110824-070', '50435', '20110824');
INSERT INTO `bonus_record` VALUES ('20110824-071', '44951', '20110824');
INSERT INTO `bonus_record` VALUES ('20110824-072', '68764', '20110824');
INSERT INTO `bonus_record` VALUES ('20110824-073', '54378', '20110824');
INSERT INTO `bonus_record` VALUES ('20110824-074', '29589', '20110824');
INSERT INTO `bonus_record` VALUES ('20110824-075', '19242', '20110824');
INSERT INTO `bonus_record` VALUES ('20110824-076', '83079', '20110824');
INSERT INTO `bonus_record` VALUES ('20110824-077', '59235', '20110824');
INSERT INTO `bonus_record` VALUES ('20110825-001', '76793', '20110825');
INSERT INTO `bonus_record` VALUES ('20110825-002', '78893', '20110825');
INSERT INTO `bonus_record` VALUES ('20110825-003', '82603', '20110825');
INSERT INTO `bonus_record` VALUES ('20110825-004', '60860', '20110825');
INSERT INTO `bonus_record` VALUES ('20110825-005', '77810', '20110825');
INSERT INTO `bonus_record` VALUES ('20110825-006', '73505', '20110825');
INSERT INTO `bonus_record` VALUES ('20110825-007', '37631', '20110825');
INSERT INTO `bonus_record` VALUES ('20110825-008', '61663', '20110825');
INSERT INTO `bonus_record` VALUES ('20110825-009', '97478', '20110825');
INSERT INTO `bonus_record` VALUES ('20110826-001', '03843', '20110826');
INSERT INTO `bonus_record` VALUES ('20110826-002', '25936', '20110826');
INSERT INTO `bonus_record` VALUES ('20110826-003', '39732', '20110826');
INSERT INTO `bonus_record` VALUES ('20110826-004', '32757', '20110826');
INSERT INTO `bonus_record` VALUES ('20110826-005', '22457', '20110826');
INSERT INTO `bonus_record` VALUES ('20110826-006', '56203', '20110826');
INSERT INTO `bonus_record` VALUES ('20110826-007', '14664', '20110826');
INSERT INTO `bonus_record` VALUES ('20110826-008', '71119', '20110826');
INSERT INTO `bonus_record` VALUES ('20110826-009', '52087', '20110826');
INSERT INTO `bonus_record` VALUES ('20110826-010', '24110', '20110826');
INSERT INTO `bonus_record` VALUES ('20110826-011', '24783', '20110826');
INSERT INTO `bonus_record` VALUES ('20110826-012', '17102', '20110826');
INSERT INTO `bonus_record` VALUES ('20110826-013', '06064', '20110826');
INSERT INTO `bonus_record` VALUES ('20110826-014', '48848', '20110826');
INSERT INTO `bonus_record` VALUES ('20110826-015', '90271', '20110826');
INSERT INTO `bonus_record` VALUES ('20110826-016', '32468', '20110826');
INSERT INTO `bonus_record` VALUES ('20110826-017', '02835', '20110826');
INSERT INTO `bonus_record` VALUES ('20110826-018', '00891', '20110826');
INSERT INTO `bonus_record` VALUES ('20110826-019', '06795', '20110826');
INSERT INTO `bonus_record` VALUES ('20110826-020', '34483', '20110826');
INSERT INTO `bonus_record` VALUES ('20110826-021', '34033', '20110826');
INSERT INTO `bonus_record` VALUES ('20110826-022', '94793', '20110826');
INSERT INTO `bonus_record` VALUES ('20110826-023', '69265', '20110826');
INSERT INTO `bonus_record` VALUES ('20110826-024', '96752', '20110826');
INSERT INTO `bonus_record` VALUES ('20110826-025', '95036', '20110826');
INSERT INTO `bonus_record` VALUES ('20110826-026', '32631', '20110826');
INSERT INTO `bonus_record` VALUES ('20110826-027', '67087', '20110826');
INSERT INTO `bonus_record` VALUES ('20110826-028', '45075', '20110826');
INSERT INTO `bonus_record` VALUES ('20110826-029', '74443', '20110826');
INSERT INTO `bonus_record` VALUES ('20110826-030', '91816', '20110826');
INSERT INTO `bonus_record` VALUES ('20110826-031', '25174', '20110826');
INSERT INTO `bonus_record` VALUES ('20110826-032', '41166', '20110826');
INSERT INTO `bonus_record` VALUES ('20110826-033', '12603', '20110826');
INSERT INTO `bonus_record` VALUES ('20110826-034', '00793', '20110826');
INSERT INTO `bonus_record` VALUES ('20110826-035', '99447', '20110826');
INSERT INTO `bonus_record` VALUES ('20110826-036', '06311', '20110826');
INSERT INTO `bonus_record` VALUES ('20110826-037', '80976', '20110826');
INSERT INTO `bonus_record` VALUES ('20110826-038', '41948', '20110826');
INSERT INTO `bonus_record` VALUES ('20110826-039', '53114', '20110826');
INSERT INTO `bonus_record` VALUES ('20110826-040', '76868', '20110826');
INSERT INTO `bonus_record` VALUES ('20110826-041', '77657', '20110826');
INSERT INTO `bonus_record` VALUES ('20110826-042', '89459', '20110826');
INSERT INTO `bonus_record` VALUES ('20110826-043', '73358', '20110826');
INSERT INTO `bonus_record` VALUES ('20110826-044', '39883', '20110826');
INSERT INTO `bonus_record` VALUES ('20110826-045', '63750', '20110826');
INSERT INTO `bonus_record` VALUES ('20110826-046', '18688', '20110826');
INSERT INTO `bonus_record` VALUES ('20110826-047', '90428', '20110826');
INSERT INTO `bonus_record` VALUES ('20110826-048', '71047', '20110826');
INSERT INTO `bonus_record` VALUES ('20110826-049', '31007', '20110826');
INSERT INTO `bonus_record` VALUES ('20110826-050', '58229', '20110826');
INSERT INTO `bonus_record` VALUES ('20110826-051', '06906', '20110826');
INSERT INTO `bonus_record` VALUES ('20110826-052', '27093', '20110826');
INSERT INTO `bonus_record` VALUES ('20110826-053', '21156', '20110826');
INSERT INTO `bonus_record` VALUES ('20110826-054', '63162', '20110826');
INSERT INTO `bonus_record` VALUES ('20110826-055', '04342', '20110826');
INSERT INTO `bonus_record` VALUES ('20110826-056', '67682', '20110826');
INSERT INTO `bonus_record` VALUES ('20110826-057', '16305', '20110826');
INSERT INTO `bonus_record` VALUES ('20110826-058', '56566', '20110826');
INSERT INTO `bonus_record` VALUES ('20110826-059', '15032', '20110826');
INSERT INTO `bonus_record` VALUES ('20110826-060', '20040', '20110826');
INSERT INTO `bonus_record` VALUES ('20110826-061', '13745', '20110826');
INSERT INTO `bonus_record` VALUES ('20110826-062', '93639', '20110826');
INSERT INTO `bonus_record` VALUES ('20110826-063', '72631', '20110826');
INSERT INTO `bonus_record` VALUES ('20110826-064', '70167', '20110826');
INSERT INTO `bonus_record` VALUES ('20110826-065', '10318', '20110826');
INSERT INTO `bonus_record` VALUES ('20110826-066', '45157', '20110826');
INSERT INTO `bonus_record` VALUES ('20110826-067', '88738', '20110826');
INSERT INTO `bonus_record` VALUES ('20110826-068', '98716', '20110826');
INSERT INTO `bonus_record` VALUES ('20110826-069', '38311', '20110826');
INSERT INTO `bonus_record` VALUES ('20110826-070', '54917', '20110826');
INSERT INTO `bonus_record` VALUES ('20110826-071', '26894', '20110826');
INSERT INTO `bonus_record` VALUES ('20110826-072', '69362', '20110826');
INSERT INTO `bonus_record` VALUES ('20110826-073', '82744', '20110826');
INSERT INTO `bonus_record` VALUES ('20110826-074', '70652', '20110826');
INSERT INTO `bonus_record` VALUES ('20110826-075', '50631', '20110826');
INSERT INTO `bonus_record` VALUES ('20110826-076', '25262', '20110826');
INSERT INTO `bonus_record` VALUES ('20110826-077', '30921', '20110826');
INSERT INTO `bonus_record` VALUES ('20110826-078', '26335', '20110826');
INSERT INTO `bonus_record` VALUES ('20110826-079', '06038', '20110826');
INSERT INTO `bonus_record` VALUES ('20110826-080', '84333', '20110826');
INSERT INTO `bonus_record` VALUES ('20110826-081', '64302', '20110826');
INSERT INTO `bonus_record` VALUES ('20110826-082', '14354', '20110826');
INSERT INTO `bonus_record` VALUES ('20110827-001', '52382', '20110827');
INSERT INTO `bonus_record` VALUES ('20110827-002', '50756', '20110827');
INSERT INTO `bonus_record` VALUES ('20110827-003', '34492', '20110827');
INSERT INTO `bonus_record` VALUES ('20110827-004', '79394', '20110827');
INSERT INTO `bonus_record` VALUES ('20110827-005', '46471', '20110827');
INSERT INTO `bonus_record` VALUES ('20110827-006', '53117', '20110827');
INSERT INTO `bonus_record` VALUES ('20110827-007', '20290', '20110827');
INSERT INTO `bonus_record` VALUES ('20110827-008', '85889', '20110827');
INSERT INTO `bonus_record` VALUES ('20110827-009', '92991', '20110827');
INSERT INTO `bonus_record` VALUES ('20110827-010', '31482', '20110827');
INSERT INTO `bonus_record` VALUES ('20110827-011', '37387', '20110827');
INSERT INTO `bonus_record` VALUES ('20110827-012', '59422', '20110827');
INSERT INTO `bonus_record` VALUES ('20110827-013', '71480', '20110827');
INSERT INTO `bonus_record` VALUES ('20110827-014', '54321', '20110827');
INSERT INTO `bonus_record` VALUES ('20110827-015', '54321', '20110827');
INSERT INTO `bonus_record` VALUES ('20110827-016', '54321', '20110827');
INSERT INTO `bonus_record` VALUES ('20110827-017', '54321', '20110827');
INSERT INTO `bonus_record` VALUES ('20110827-018', '54321', '20110827');
INSERT INTO `bonus_record` VALUES ('20110827-019', '54321', '20110827');
INSERT INTO `bonus_record` VALUES ('20110827-020', '54321', '20110827');
INSERT INTO `bonus_record` VALUES ('20110827-021', '54321', '20110827');
INSERT INTO `bonus_record` VALUES ('20110827-022', '54321', '20110827');
INSERT INTO `bonus_record` VALUES ('20110827-023', '54321', '20110827');
INSERT INTO `bonus_record` VALUES ('20110827-024', '54321', '20110827');
INSERT INTO `bonus_record` VALUES ('20110827-025', '54321', '20110827');
INSERT INTO `bonus_record` VALUES ('20110827-026', '54321', '20110827');
INSERT INTO `bonus_record` VALUES ('20110827-027', '54321', '20110827');
INSERT INTO `bonus_record` VALUES ('20110827-028', '54321', '20110827');
INSERT INTO `bonus_record` VALUES ('20110827-029', '54321', '20110827');
INSERT INTO `bonus_record` VALUES ('20110827-030', '54321', '20110827');
INSERT INTO `bonus_record` VALUES ('20110827-031', '54321', '20110827');
INSERT INTO `bonus_record` VALUES ('20110827-032', '54321', '20110827');
INSERT INTO `bonus_record` VALUES ('20110827-033', '54321', '20110827');
INSERT INTO `bonus_record` VALUES ('20110827-034', '54321', '20110827');
INSERT INTO `bonus_record` VALUES ('20110827-035', '54321', '20110827');
INSERT INTO `bonus_record` VALUES ('20110827-036', '54321', '20110827');
INSERT INTO `bonus_record` VALUES ('20110827-037', '54321', '20110827');
INSERT INTO `bonus_record` VALUES ('20110827-038', '54321', '20110827');
INSERT INTO `bonus_record` VALUES ('20110827-039', '54321', '20110827');
INSERT INTO `bonus_record` VALUES ('20110827-040', '54321', '20110827');
INSERT INTO `bonus_record` VALUES ('20110827-041', '54321', '20110827');
INSERT INTO `bonus_record` VALUES ('20110827-042', '54321', '20110827');
INSERT INTO `bonus_record` VALUES ('20110827-043', '54321', '20110827');
INSERT INTO `bonus_record` VALUES ('20110827-044', '54321', '20110827');
INSERT INTO `bonus_record` VALUES ('20110827-045', '54321', '20110827');
INSERT INTO `bonus_record` VALUES ('20110827-046', '54321', '20110827');
INSERT INTO `bonus_record` VALUES ('20110827-047', '54321', '20110827');
INSERT INTO `bonus_record` VALUES ('20110827-048', '54321', '20110827');
INSERT INTO `bonus_record` VALUES ('20110827-049', '54321', '20110827');
INSERT INTO `bonus_record` VALUES ('20110827-050', '54321', '20110827');
INSERT INTO `bonus_record` VALUES ('20110827-051', '54321', '20110827');
INSERT INTO `bonus_record` VALUES ('20110827-052', '54321', '20110827');
INSERT INTO `bonus_record` VALUES ('20110827-053', '54321', '20110827');
INSERT INTO `bonus_record` VALUES ('20110827-054', '54321', '20110827');
INSERT INTO `bonus_record` VALUES ('20110827-055', '54321', '20110827');
INSERT INTO `bonus_record` VALUES ('20110827-056', '54321', '20110827');
INSERT INTO `bonus_record` VALUES ('20110827-057', '54321', '20110827');
INSERT INTO `bonus_record` VALUES ('20110827-058', '54321', '20110827');
INSERT INTO `bonus_record` VALUES ('20110827-059', '54321', '20110827');
INSERT INTO `bonus_record` VALUES ('20110827-060', '54321', '20110827');
INSERT INTO `bonus_record` VALUES ('20110827-061', '54321', '20110827');
INSERT INTO `bonus_record` VALUES ('20110827-062', '54321', '20110827');
INSERT INTO `bonus_record` VALUES ('20110827-063', '54321', '20110827');
INSERT INTO `bonus_record` VALUES ('20110827-064', '54321', '20110827');
INSERT INTO `bonus_record` VALUES ('20110827-065', '54321', '20110827');
INSERT INTO `bonus_record` VALUES ('20110827-066', '54321', '20110827');
INSERT INTO `bonus_record` VALUES ('20110827-067', '54321', '20110827');
INSERT INTO `bonus_record` VALUES ('20110827-068', '54321', '20110827');
INSERT INTO `bonus_record` VALUES ('20110827-069', '54321', '20110827');
INSERT INTO `bonus_record` VALUES ('20110827-070', '54321', '20110827');
INSERT INTO `bonus_record` VALUES ('20110827-071', '54321', '20110827');
INSERT INTO `bonus_record` VALUES ('20110827-072', '54321', '20110827');
INSERT INTO `bonus_record` VALUES ('20110827-073', '54321', '20110827');
INSERT INTO `bonus_record` VALUES ('20110827-074', '54321', '20110827');
INSERT INTO `bonus_record` VALUES ('20110827-075', '54321', '20110827');
INSERT INTO `bonus_record` VALUES ('20110827-076', '54321', '20110827');
INSERT INTO `bonus_record` VALUES ('20110827-077', '54321', '20110827');
INSERT INTO `bonus_record` VALUES ('20110827-078', '58540', '20110827');
INSERT INTO `bonus_record` VALUES ('20110827-079', '63870', '20110827');
INSERT INTO `bonus_record` VALUES ('20110827-080', '27178', '20110827');
INSERT INTO `bonus_record` VALUES ('20110827-081', '56700', '20110827');
INSERT INTO `bonus_record` VALUES ('20110827-082', '09751', '20110827');
INSERT INTO `bonus_record` VALUES ('20110827-083', '57194', '20110827');
INSERT INTO `bonus_record` VALUES ('20110914-001', '24572', '20110914');
INSERT INTO `bonus_record` VALUES ('20110914-002', '72662', '20110914');
INSERT INTO `bonus_record` VALUES ('20120916-001', '99767', '20120916');

-- ----------------------------
-- Table structure for `category`
-- ----------------------------
DROP TABLE IF EXISTS `category`;
CREATE TABLE `category` (
  `category_id` int(11) NOT NULL auto_increment,
  `category_number` varchar(10) default NULL,
  `category_bonus` bigint(20) default NULL,
  `category_fee` int(11) default NULL,
  `category_sum` int(11) default NULL,
  `category_detail` varchar(100) default NULL,
  PRIMARY KEY  (`category_id`)
) ENGINE=InnoDB AUTO_INCREMENT=182 DEFAULT CHARSET=utf8;

-- ----------------------------
-- Records of category
-- ----------------------------
INSERT INTO `category` VALUES ('57', '306', '4', '2', null, '');
INSERT INTO `category` VALUES ('58', '3011', '10', '2', null, '');
INSERT INTO `category` VALUES ('59', '3012', '100', '2', null, '');
INSERT INTO `category` VALUES ('60', '307', '50', '2', null, '');
INSERT INTO `category` VALUES ('61', '309', '50', '2', '0', '');
INSERT INTO `category` VALUES ('62', '309', '100', '2', '1', '');
INSERT INTO `category` VALUES ('63', '311', '50', '20', '0', '');
INSERT INTO `category` VALUES ('64', '311', '100', '20', '1', '');
INSERT INTO `category` VALUES ('65', '310', '100', '2', '0', '');
INSERT INTO `category` VALUES ('66', '310', '100', '2', '1', '');
INSERT INTO `category` VALUES ('67', '310', '100', '4', '2', '');
INSERT INTO `category` VALUES ('68', '310', '100', '4', '3', '');
INSERT INTO `category` VALUES ('69', '310', '100', '6', '4', '');
INSERT INTO `category` VALUES ('70', '310', '100', '6', '5', '');
INSERT INTO `category` VALUES ('71', '310', '100', '8', '6', '');
INSERT INTO `category` VALUES ('72', '310', '100', '8', '7', '');
INSERT INTO `category` VALUES ('73', '310', '100', '10', '8', '');
INSERT INTO `category` VALUES ('74', '310', '100', '10', '9', '');
INSERT INTO `category` VALUES ('75', '310', '100', '10', '10', '');
INSERT INTO `category` VALUES ('76', '310', '100', '8', '11', '');
INSERT INTO `category` VALUES ('77', '310', '100', '8', '12', '');
INSERT INTO `category` VALUES ('78', '310', '100', '6', '13', '');
INSERT INTO `category` VALUES ('79', '310', '100', '6', '14', '');
INSERT INTO `category` VALUES ('80', '310', '100', '4', '15', '');
INSERT INTO `category` VALUES ('81', '310', '100', '4', '16', '');
INSERT INTO `category` VALUES ('82', '310', '100', '2', '17', '');
INSERT INTO `category` VALUES ('83', '310', '100', '2', '18', '');
INSERT INTO `category` VALUES ('84', '305', '100', '2', '0', '');
INSERT INTO `category` VALUES ('85', '305', '100', '4', '1', '');
INSERT INTO `category` VALUES ('86', '305', '100', '6', '2', '');
INSERT INTO `category` VALUES ('87', '305', '100', '8', '3', '');
INSERT INTO `category` VALUES ('88', '305', '100', '10', '4', '');
INSERT INTO `category` VALUES ('89', '305', '100', '12', '5', '');
INSERT INTO `category` VALUES ('90', '305', '100', '14', '6', '');
INSERT INTO `category` VALUES ('91', '305', '100', '16', '7', '');
INSERT INTO `category` VALUES ('92', '305', '100', '18', '8', '');
INSERT INTO `category` VALUES ('93', '305', '100', '20', '9', '');
INSERT INTO `category` VALUES ('94', '305', '100', '18', '10', '');
INSERT INTO `category` VALUES ('95', '305', '100', '16', '11', '');
INSERT INTO `category` VALUES ('96', '305', '100', '14', '12', '');
INSERT INTO `category` VALUES ('97', '305', '100', '12', '13', '');
INSERT INTO `category` VALUES ('98', '305', '100', '10', '14', '');
INSERT INTO `category` VALUES ('99', '305', '100', '8', '15', '');
INSERT INTO `category` VALUES ('100', '305', '100', '6', '16', '');
INSERT INTO `category` VALUES ('101', '305', '100', '4', '17', '');
INSERT INTO `category` VALUES ('102', '305', '100', '2', '18', '');
INSERT INTO `category` VALUES ('103', '3013', '1000', null, null, '');
INSERT INTO `category` VALUES ('104', '304', '1000', '2', '0', '');
INSERT INTO `category` VALUES ('105', '304', '1000', '6', '1', '');
INSERT INTO `category` VALUES ('106', '304', '1000', '12', '2', '');
INSERT INTO `category` VALUES ('107', '304', '1000', '20', '3', '');
INSERT INTO `category` VALUES ('108', '304', '1000', '30', '4', '');
INSERT INTO `category` VALUES ('109', '304', '1000', '42', '5', '');
INSERT INTO `category` VALUES ('110', '304', '1000', '56', '6', '');
INSERT INTO `category` VALUES ('111', '304', '1000', '72', '7', '');
INSERT INTO `category` VALUES ('112', '304', '1000', '90', '8', '');
INSERT INTO `category` VALUES ('113', '304', '1000', '110', '9', '');
INSERT INTO `category` VALUES ('114', '304', '1000', '126', '10', '');
INSERT INTO `category` VALUES ('115', '304', '1000', '138', '11', '');
INSERT INTO `category` VALUES ('116', '304', '1000', '146', '12', '');
INSERT INTO `category` VALUES ('117', '304', '1000', '150', '13', '');
INSERT INTO `category` VALUES ('118', '304', '1000', '150', '14', '');
INSERT INTO `category` VALUES ('119', '304', '1000', '146', '15', '');
INSERT INTO `category` VALUES ('120', '304', '1000', '138', '16', '');
INSERT INTO `category` VALUES ('121', '304', '1000', '126', '17', '');
INSERT INTO `category` VALUES ('122', '304', '1000', '110', '18', '');
INSERT INTO `category` VALUES ('123', '304', '1000', '90', '19', '');
INSERT INTO `category` VALUES ('124', '304', '1000', '72', '20', '');
INSERT INTO `category` VALUES ('125', '304', '1000', '56', '21', '');
INSERT INTO `category` VALUES ('126', '304', '1000', '42', '22', '');
INSERT INTO `category` VALUES ('127', '304', '1000', '30', '23', '');
INSERT INTO `category` VALUES ('128', '304', '1000', '20', '24', '');
INSERT INTO `category` VALUES ('129', '304', '1000', '12', '25', '');
INSERT INTO `category` VALUES ('130', '304', '1000', '6', '26', '');
INSERT INTO `category` VALUES ('131', '304', '1000', '2', '27', '');
INSERT INTO `category` VALUES ('132', '319', '1000', null, null, '');
INSERT INTO `category` VALUES ('133', '315', '320', '4', '2', '');
INSERT INTO `category` VALUES ('134', '315', '320', '12', '3', '');
INSERT INTO `category` VALUES ('135', '315', '320', '24', '4', '');
INSERT INTO `category` VALUES ('136', '315', '320', '40', '5', '');
INSERT INTO `category` VALUES ('137', '315', '320', '60', '6', '');
INSERT INTO `category` VALUES ('138', '315', '320', '84', '7', '');
INSERT INTO `category` VALUES ('139', '315', '320', '112', '8', '');
INSERT INTO `category` VALUES ('140', '315', '320', '144', '9', '');
INSERT INTO `category` VALUES ('141', '315', '320', '180', '10', '');
INSERT INTO `category` VALUES ('142', '316', '160', '2', '3', '');
INSERT INTO `category` VALUES ('143', '316', '160', '8', '4', '');
INSERT INTO `category` VALUES ('144', '316', '160', '20', '5', '');
INSERT INTO `category` VALUES ('145', '316', '160', '40', '6', '');
INSERT INTO `category` VALUES ('146', '316', '160', '70', '7', '');
INSERT INTO `category` VALUES ('147', '316', '160', '112', '8', '');
INSERT INTO `category` VALUES ('148', '316', '160', '168', '9', '');
INSERT INTO `category` VALUES ('149', '316', '160', '240', '10', '');
INSERT INTO `category` VALUES ('150', '317', '1000', '110', '1', '');
INSERT INTO `category` VALUES ('151', '317', '1000', '20', '2', '');
INSERT INTO `category` VALUES ('152', '318', '1000', '2', '0', '');
INSERT INTO `category` VALUES ('153', '318', '1000', '2', '1', '');
INSERT INTO `category` VALUES ('154', '318', '1000', '4', '2', '');
INSERT INTO `category` VALUES ('155', '318', '1000', '6', '3', '');
INSERT INTO `category` VALUES ('156', '318', '1000', '8', '4', '');
INSERT INTO `category` VALUES ('157', '318', '1000', '10', '5', '');
INSERT INTO `category` VALUES ('158', '318', '1000', '14', '6', '');
INSERT INTO `category` VALUES ('159', '318', '1000', '16', '7', '');
INSERT INTO `category` VALUES ('160', '318', '1000', '20', '8', '');
INSERT INTO `category` VALUES ('161', '318', '1000', '24', '9', '');
INSERT INTO `category` VALUES ('162', '318', '1000', '26', '10', '');
INSERT INTO `category` VALUES ('163', '318', '1000', '28', '11', '');
INSERT INTO `category` VALUES ('164', '318', '1000', '30', '12', '');
INSERT INTO `category` VALUES ('165', '318', '1000', '30', '13', '');
INSERT INTO `category` VALUES ('166', '318', '1000', '30', '14', '');
INSERT INTO `category` VALUES ('167', '318', '1000', '30', '15', '');
INSERT INTO `category` VALUES ('168', '318', '1000', '28', '16', '');
INSERT INTO `category` VALUES ('169', '318', '1000', '26', '17', '');
INSERT INTO `category` VALUES ('170', '318', '1000', '24', '18', '');
INSERT INTO `category` VALUES ('171', '318', '1000', '20', '19', '');
INSERT INTO `category` VALUES ('172', '318', '1000', '16', '20', '');
INSERT INTO `category` VALUES ('173', '318', '1000', '14', '21', '');
INSERT INTO `category` VALUES ('174', '318', '1000', '10', '22', '');
INSERT INTO `category` VALUES ('175', '318', '1000', '8', '23', '');
INSERT INTO `category` VALUES ('176', '318', '1000', '6', '24', '');
INSERT INTO `category` VALUES ('177', '318', '1000', '4', '25', '');
INSERT INTO `category` VALUES ('178', '318', '1000', '2', '26', '');
INSERT INTO `category` VALUES ('179', '318', '1000', '2', '27', '');
INSERT INTO `category` VALUES ('180', '3015', '100000', null, null, '');
INSERT INTO `category` VALUES ('181', '312', '20000', null, null, '');

-- ----------------------------
-- Table structure for `continue_record`
-- ----------------------------
DROP TABLE IF EXISTS `continue_record`;
CREATE TABLE `continue_record` (
  `continue_id` bigint(20) NOT NULL auto_increment,
  `project_id` bigint(20) NOT NULL,
  `b_issue` varchar(20) NOT NULL,
  `continue_multi` int(11) NOT NULL,
  `continue_status` int(11) default NULL,
  PRIMARY KEY  (`continue_id`)
) ENGINE=InnoDB AUTO_INCREMENT=46 DEFAULT CHARSET=utf8;

-- ----------------------------
-- Records of continue_record
-- ----------------------------
INSERT INTO `continue_record` VALUES ('5', '7', '20110824-071', '1', '1');
INSERT INTO `continue_record` VALUES ('6', '7', '20110824-072', '1', '0');
INSERT INTO `continue_record` VALUES ('7', '8', '20110824-073', '4', '1');
INSERT INTO `continue_record` VALUES ('8', '8', '20110824-074', '2', '1');
INSERT INTO `continue_record` VALUES ('9', '9', '20110825-002', '1', '1');
INSERT INTO `continue_record` VALUES ('10', '9', '20110825-003', '1', '1');
INSERT INTO `continue_record` VALUES ('11', '10', '20110826-001', '4', '1');
INSERT INTO `continue_record` VALUES ('12', '10', '20110826-002', '5', '1');
INSERT INTO `continue_record` VALUES ('13', '11', '20110826-030', '5', '1');
INSERT INTO `continue_record` VALUES ('14', '11', '20110826-031', '3', '1');
INSERT INTO `continue_record` VALUES ('15', '12', '20110826-050', '5', '1');
INSERT INTO `continue_record` VALUES ('16', '12', '20110826-051', '4', '1');
INSERT INTO `continue_record` VALUES ('17', '13', '20110826-066', '3', '1');
INSERT INTO `continue_record` VALUES ('18', '13', '20110826-067', '2', '1');
INSERT INTO `continue_record` VALUES ('19', '14', '20110827-013', '1', '1');
INSERT INTO `continue_record` VALUES ('20', '15', '20110827-014', '1', '1');
INSERT INTO `continue_record` VALUES ('21', '16', '20110827-014', '1', '1');
INSERT INTO `continue_record` VALUES ('22', '17', '20110827-014', '1', '1');
INSERT INTO `continue_record` VALUES ('23', '18', '20110827-014', '1', '1');
INSERT INTO `continue_record` VALUES ('24', '19', '20110827-014', '1', '1');
INSERT INTO `continue_record` VALUES ('25', '20', '20110827-014', '1', '0');
INSERT INTO `continue_record` VALUES ('26', '21', '20110827-017', '1', '1');
INSERT INTO `continue_record` VALUES ('27', '22', '20110827-017', '2', '1');
INSERT INTO `continue_record` VALUES ('28', '23', '20110827-030', '4', '1');
INSERT INTO `continue_record` VALUES ('29', '23', '20110827-031', '3', '1');
INSERT INTO `continue_record` VALUES ('30', '24', '20110827-034', '1', '0');
INSERT INTO `continue_record` VALUES ('31', '25', '20110827-069', '1', '1');
INSERT INTO `continue_record` VALUES ('32', '25', '20110827-070', '1', '1');
INSERT INTO `continue_record` VALUES ('33', '25', '20110827-071', '1', '1');
INSERT INTO `continue_record` VALUES ('34', '25', '20110827-072', '1', '1');
INSERT INTO `continue_record` VALUES ('35', '25', '20110827-073', '1', '1');
INSERT INTO `continue_record` VALUES ('36', '26', '20110827-070', '2', '1');
INSERT INTO `continue_record` VALUES ('37', '26', '20110827-071', '2', '1');
INSERT INTO `continue_record` VALUES ('38', '26', '20110827-072', '2', '1');
INSERT INTO `continue_record` VALUES ('39', '26', '20110827-073', '2', '1');
INSERT INTO `continue_record` VALUES ('40', '26', '20110827-074', '2', '1');
INSERT INTO `continue_record` VALUES ('41', '27', '20110827-077', '1', '1');
INSERT INTO `continue_record` VALUES ('42', '28', '20120916-001', '1', '1');
INSERT INTO `continue_record` VALUES ('43', '29', '20120916-001', '1', '1');
INSERT INTO `continue_record` VALUES ('44', '29', '20120916-002', '1', '1');
INSERT INTO `continue_record` VALUES ('45', '29', '20120916-003', '1', '1');

-- ----------------------------
-- Table structure for `fee_record`
-- ----------------------------
DROP TABLE IF EXISTS `fee_record`;
CREATE TABLE `fee_record` (
  `fee_id` bigint(20) NOT NULL auto_increment,
  `u_id` bigint(20) default NULL,
  `b_issue` varchar(20) default NULL,
  `fee_status` int(11) default NULL,
  `fee_number` bigint(20) default NULL,
  `fee_date` datetime default NULL,
  PRIMARY KEY  (`fee_id`)
) ENGINE=InnoDB AUTO_INCREMENT=138 DEFAULT CHARSET=utf8;

-- ----------------------------
-- Records of fee_record
-- ----------------------------
INSERT INTO `fee_record` VALUES ('1', '2', '20110827-013', '0', '8', '2011-08-27 11:57:17');
INSERT INTO `fee_record` VALUES ('2', '2', '20110827-013', '0', '56', '2011-08-27 11:57:29');
INSERT INTO `fee_record` VALUES ('3', '2', '20110827-013', '0', '2', '2011-08-27 11:58:01');
INSERT INTO `fee_record` VALUES ('4', '2', '20110827-013', '0', '14', '2011-08-27 11:58:33');
INSERT INTO `fee_record` VALUES ('5', '2', '20110827-013', '0', '46', '2011-08-27 11:59:48');
INSERT INTO `fee_record` VALUES ('6', '2', '20110827-014', '2', '100', '2011-08-27 12:01:09');
INSERT INTO `fee_record` VALUES ('7', '2', '20110827-014', '2', '1000', '2011-08-27 12:01:09');
INSERT INTO `fee_record` VALUES ('8', '2', '20110827-014', '2', '160', '2011-08-27 12:01:09');
INSERT INTO `fee_record` VALUES ('9', '2', '20110827-014', '2', '160', '2011-08-27 12:01:10');
INSERT INTO `fee_record` VALUES ('10', '2', '20110827-014', '2', '160', '2011-08-27 12:01:10');
INSERT INTO `fee_record` VALUES ('11', '2', '20110827-014', '2', '1000', '2011-08-27 12:01:10');
INSERT INTO `fee_record` VALUES ('12', '2', '20110827-014', '0', '40', '2011-08-27 12:02:04');
INSERT INTO `fee_record` VALUES ('13', '2', '20110827-016', '0', '2', '2011-08-27 12:13:22');
INSERT INTO `fee_record` VALUES ('14', '2', '20110827-016', '0', '4', '2011-08-27 12:19:46');
INSERT INTO `fee_record` VALUES ('15', '2', '20110827-017', '2', '10', '2011-08-27 12:21:08');
INSERT INTO `fee_record` VALUES ('16', '2', '20110827-017', '2', '40000', '2011-08-27 12:21:08');
INSERT INTO `fee_record` VALUES ('17', '2', '20110827-029', '0', '280', '2011-08-27 14:23:58');
INSERT INTO `fee_record` VALUES ('18', '2', '20110827-030', '2', '40', '2011-08-27 14:31:08');
INSERT INTO `fee_record` VALUES ('19', '2', '20110827-030', '2', '400', '2011-08-27 14:31:08');
INSERT INTO `fee_record` VALUES ('20', '2', '20110827-030', '2', '4000', '2011-08-27 14:31:08');
INSERT INTO `fee_record` VALUES ('21', '2', '20110827-030', '2', '400000', '2011-08-27 14:31:08');
INSERT INTO `fee_record` VALUES ('22', '2', '20110827-030', '2', '16', '2011-08-27 14:31:09');
INSERT INTO `fee_record` VALUES ('23', '2', '20110827-030', '2', '16', '2011-08-27 14:31:09');
INSERT INTO `fee_record` VALUES ('24', '2', '20110827-030', '2', '200', '2011-08-27 14:31:09');
INSERT INTO `fee_record` VALUES ('25', '2', '20110827-030', '2', '200', '2011-08-27 14:31:09');
INSERT INTO `fee_record` VALUES ('26', '2', '20110827-030', '2', '200', '2011-08-27 14:31:09');
INSERT INTO `fee_record` VALUES ('27', '2', '20110827-031', '2', '30', '2011-08-27 14:41:08');
INSERT INTO `fee_record` VALUES ('28', '2', '20110827-031', '2', '300', '2011-08-27 14:41:08');
INSERT INTO `fee_record` VALUES ('29', '2', '20110827-031', '2', '3000', '2011-08-27 14:41:08');
INSERT INTO `fee_record` VALUES ('30', '2', '20110827-031', '2', '300000', '2011-08-27 14:41:08');
INSERT INTO `fee_record` VALUES ('31', '2', '20110827-031', '2', '12', '2011-08-27 14:41:09');
INSERT INTO `fee_record` VALUES ('32', '2', '20110827-031', '2', '12', '2011-08-27 14:41:09');
INSERT INTO `fee_record` VALUES ('33', '2', '20110827-031', '2', '150', '2011-08-27 14:41:09');
INSERT INTO `fee_record` VALUES ('34', '2', '20110827-031', '2', '150', '2011-08-27 14:41:09');
INSERT INTO `fee_record` VALUES ('35', '2', '20110827-031', '2', '150', '2011-08-27 14:41:09');
INSERT INTO `fee_record` VALUES ('36', '2', '20110827-034', '0', '2', '2011-08-27 15:19:29');
INSERT INTO `fee_record` VALUES ('37', '2', '20110827-068', '0', '200', '2011-08-27 19:54:50');
INSERT INTO `fee_record` VALUES ('38', '2', '20110827-069', '2', '20000', '2011-08-27 20:01:05');
INSERT INTO `fee_record` VALUES ('39', '2', '20110827-069', '2', '4', '2011-08-27 20:01:05');
INSERT INTO `fee_record` VALUES ('40', '2', '20110827-069', '2', '20000', '2011-08-27 20:01:05');
INSERT INTO `fee_record` VALUES ('41', '2', '20110827-069', '2', '4', '2011-08-27 20:01:05');
INSERT INTO `fee_record` VALUES ('42', '2', '20110827-069', '2', '20000', '2011-08-27 20:01:06');
INSERT INTO `fee_record` VALUES ('43', '2', '20110827-069', '2', '4', '2011-08-27 20:01:06');
INSERT INTO `fee_record` VALUES ('44', '2', '20110827-069', '2', '20000', '2011-08-27 20:01:06');
INSERT INTO `fee_record` VALUES ('45', '2', '20110827-069', '2', '4', '2011-08-27 20:01:06');
INSERT INTO `fee_record` VALUES ('46', '2', '20110827-069', '2', '20000', '2011-08-27 20:01:06');
INSERT INTO `fee_record` VALUES ('47', '2', '20110827-069', '2', '4', '2011-08-27 20:01:06');
INSERT INTO `fee_record` VALUES ('48', '2', '20110827-069', '0', '1660', '2011-08-27 20:06:51');
INSERT INTO `fee_record` VALUES ('49', '2', '20110827-070', '2', '20', '2011-08-27 20:11:06');
INSERT INTO `fee_record` VALUES ('50', '2', '20110827-070', '2', '200', '2011-08-27 20:11:06');
INSERT INTO `fee_record` VALUES ('51', '2', '20110827-070', '2', '2000', '2011-08-27 20:11:07');
INSERT INTO `fee_record` VALUES ('52', '2', '20110827-070', '2', '200000', '2011-08-27 20:11:07');
INSERT INTO `fee_record` VALUES ('53', '2', '20110827-070', '2', '200', '2011-08-27 20:11:07');
INSERT INTO `fee_record` VALUES ('54', '2', '20110827-070', '2', '2000', '2011-08-27 20:11:07');
INSERT INTO `fee_record` VALUES ('55', '2', '20110827-070', '2', '40000', '2011-08-27 20:11:07');
INSERT INTO `fee_record` VALUES ('56', '2', '20110827-070', '2', '320', '2011-08-27 20:11:07');
INSERT INTO `fee_record` VALUES ('57', '2', '20110827-070', '2', '320', '2011-08-27 20:11:07');
INSERT INTO `fee_record` VALUES ('58', '2', '20110827-070', '2', '2000', '2011-08-27 20:11:08');
INSERT INTO `fee_record` VALUES ('59', '2', '20110827-070', '2', '320', '2011-08-27 20:11:08');
INSERT INTO `fee_record` VALUES ('60', '2', '20110827-070', '2', '8', '2011-08-27 20:11:08');
INSERT INTO `fee_record` VALUES ('61', '2', '20110827-070', '2', '8', '2011-08-27 20:11:08');
INSERT INTO `fee_record` VALUES ('62', '2', '20110827-070', '2', '100', '2011-08-27 20:11:08');
INSERT INTO `fee_record` VALUES ('63', '2', '20110827-070', '2', '100', '2011-08-27 20:11:09');
INSERT INTO `fee_record` VALUES ('64', '2', '20110827-070', '2', '100', '2011-08-27 20:11:09');
INSERT INTO `fee_record` VALUES ('65', '2', '20110827-070', '2', '100', '2011-08-27 20:11:09');
INSERT INTO `fee_record` VALUES ('66', '2', '20110827-071', '2', '20', '2011-08-27 20:21:09');
INSERT INTO `fee_record` VALUES ('67', '2', '20110827-071', '2', '200', '2011-08-27 20:21:10');
INSERT INTO `fee_record` VALUES ('68', '2', '20110827-071', '2', '2000', '2011-08-27 20:21:10');
INSERT INTO `fee_record` VALUES ('69', '2', '20110827-071', '2', '200000', '2011-08-27 20:21:10');
INSERT INTO `fee_record` VALUES ('70', '2', '20110827-071', '2', '200', '2011-08-27 20:21:10');
INSERT INTO `fee_record` VALUES ('71', '2', '20110827-071', '2', '2000', '2011-08-27 20:21:10');
INSERT INTO `fee_record` VALUES ('72', '2', '20110827-071', '2', '40000', '2011-08-27 20:21:10');
INSERT INTO `fee_record` VALUES ('73', '2', '20110827-071', '2', '320', '2011-08-27 20:21:11');
INSERT INTO `fee_record` VALUES ('74', '2', '20110827-071', '2', '320', '2011-08-27 20:21:11');
INSERT INTO `fee_record` VALUES ('75', '2', '20110827-071', '2', '2000', '2011-08-27 20:21:11');
INSERT INTO `fee_record` VALUES ('76', '2', '20110827-071', '2', '320', '2011-08-27 20:21:11');
INSERT INTO `fee_record` VALUES ('77', '2', '20110827-071', '2', '8', '2011-08-27 20:21:11');
INSERT INTO `fee_record` VALUES ('78', '2', '20110827-071', '2', '8', '2011-08-27 20:21:11');
INSERT INTO `fee_record` VALUES ('79', '2', '20110827-071', '2', '100', '2011-08-27 20:21:11');
INSERT INTO `fee_record` VALUES ('80', '2', '20110827-071', '2', '100', '2011-08-27 20:21:12');
INSERT INTO `fee_record` VALUES ('81', '2', '20110827-071', '2', '100', '2011-08-27 20:21:12');
INSERT INTO `fee_record` VALUES ('82', '2', '20110827-071', '2', '100', '2011-08-27 20:21:12');
INSERT INTO `fee_record` VALUES ('83', '2', '20110827-072', '2', '20', '2011-08-27 20:31:07');
INSERT INTO `fee_record` VALUES ('84', '2', '20110827-072', '2', '200', '2011-08-27 20:31:07');
INSERT INTO `fee_record` VALUES ('85', '2', '20110827-072', '2', '2000', '2011-08-27 20:31:07');
INSERT INTO `fee_record` VALUES ('86', '2', '20110827-072', '2', '200000', '2011-08-27 20:31:07');
INSERT INTO `fee_record` VALUES ('87', '2', '20110827-072', '2', '200', '2011-08-27 20:31:08');
INSERT INTO `fee_record` VALUES ('88', '2', '20110827-072', '2', '2000', '2011-08-27 20:31:08');
INSERT INTO `fee_record` VALUES ('89', '2', '20110827-072', '2', '40000', '2011-08-27 20:31:08');
INSERT INTO `fee_record` VALUES ('90', '2', '20110827-072', '2', '320', '2011-08-27 20:31:08');
INSERT INTO `fee_record` VALUES ('91', '2', '20110827-072', '2', '320', '2011-08-27 20:31:08');
INSERT INTO `fee_record` VALUES ('92', '2', '20110827-072', '2', '2000', '2011-08-27 20:31:08');
INSERT INTO `fee_record` VALUES ('93', '2', '20110827-072', '2', '320', '2011-08-27 20:31:08');
INSERT INTO `fee_record` VALUES ('94', '2', '20110827-072', '2', '8', '2011-08-27 20:31:09');
INSERT INTO `fee_record` VALUES ('95', '2', '20110827-072', '2', '8', '2011-08-27 20:31:09');
INSERT INTO `fee_record` VALUES ('96', '2', '20110827-072', '2', '100', '2011-08-27 20:31:09');
INSERT INTO `fee_record` VALUES ('97', '2', '20110827-072', '2', '100', '2011-08-27 20:31:09');
INSERT INTO `fee_record` VALUES ('98', '2', '20110827-072', '2', '100', '2011-08-27 20:31:09');
INSERT INTO `fee_record` VALUES ('99', '2', '20110827-072', '2', '100', '2011-08-27 20:31:09');
INSERT INTO `fee_record` VALUES ('100', '2', '20110827-073', '2', '20', '2011-08-27 20:41:07');
INSERT INTO `fee_record` VALUES ('101', '2', '20110827-073', '2', '200', '2011-08-27 20:41:07');
INSERT INTO `fee_record` VALUES ('102', '2', '20110827-073', '2', '2000', '2011-08-27 20:41:07');
INSERT INTO `fee_record` VALUES ('103', '2', '20110827-073', '2', '200000', '2011-08-27 20:41:07');
INSERT INTO `fee_record` VALUES ('104', '2', '20110827-073', '2', '200', '2011-08-27 20:41:07');
INSERT INTO `fee_record` VALUES ('105', '2', '20110827-073', '2', '2000', '2011-08-27 20:41:08');
INSERT INTO `fee_record` VALUES ('106', '2', '20110827-073', '2', '40000', '2011-08-27 20:41:08');
INSERT INTO `fee_record` VALUES ('107', '2', '20110827-073', '2', '320', '2011-08-27 20:41:08');
INSERT INTO `fee_record` VALUES ('108', '2', '20110827-073', '2', '320', '2011-08-27 20:41:08');
INSERT INTO `fee_record` VALUES ('109', '2', '20110827-073', '2', '2000', '2011-08-27 20:41:08');
INSERT INTO `fee_record` VALUES ('110', '2', '20110827-073', '2', '320', '2011-08-27 20:41:08');
INSERT INTO `fee_record` VALUES ('111', '2', '20110827-073', '2', '8', '2011-08-27 20:41:09');
INSERT INTO `fee_record` VALUES ('112', '2', '20110827-073', '2', '8', '2011-08-27 20:41:09');
INSERT INTO `fee_record` VALUES ('113', '2', '20110827-073', '2', '100', '2011-08-27 20:41:09');
INSERT INTO `fee_record` VALUES ('114', '2', '20110827-073', '2', '100', '2011-08-27 20:41:09');
INSERT INTO `fee_record` VALUES ('115', '2', '20110827-073', '2', '100', '2011-08-27 20:41:09');
INSERT INTO `fee_record` VALUES ('116', '2', '20110827-073', '2', '100', '2011-08-27 20:41:09');
INSERT INTO `fee_record` VALUES ('117', '2', '20110827-074', '2', '20', '2011-08-27 20:51:08');
INSERT INTO `fee_record` VALUES ('118', '2', '20110827-074', '2', '200', '2011-08-27 20:51:08');
INSERT INTO `fee_record` VALUES ('119', '2', '20110827-074', '2', '2000', '2011-08-27 20:51:08');
INSERT INTO `fee_record` VALUES ('120', '2', '20110827-074', '2', '200000', '2011-08-27 20:51:08');
INSERT INTO `fee_record` VALUES ('121', '2', '20110827-074', '2', '200', '2011-08-27 20:51:08');
INSERT INTO `fee_record` VALUES ('122', '2', '20110827-074', '2', '2000', '2011-08-27 20:51:09');
INSERT INTO `fee_record` VALUES ('123', '2', '20110827-074', '2', '40000', '2011-08-27 20:51:09');
INSERT INTO `fee_record` VALUES ('124', '2', '20110827-074', '2', '320', '2011-08-27 20:51:09');
INSERT INTO `fee_record` VALUES ('125', '2', '20110827-074', '2', '320', '2011-08-27 20:51:09');
INSERT INTO `fee_record` VALUES ('126', '2', '20110827-074', '2', '2000', '2011-08-27 20:51:09');
INSERT INTO `fee_record` VALUES ('127', '2', '20110827-074', '2', '320', '2011-08-27 20:51:09');
INSERT INTO `fee_record` VALUES ('128', '2', '20110827-074', '2', '8', '2011-08-27 20:51:09');
INSERT INTO `fee_record` VALUES ('129', '2', '20110827-074', '2', '8', '2011-08-27 20:51:10');
INSERT INTO `fee_record` VALUES ('130', '2', '20110827-074', '2', '100', '2011-08-27 20:51:10');
INSERT INTO `fee_record` VALUES ('131', '2', '20110827-074', '2', '100', '2011-08-27 20:51:10');
INSERT INTO `fee_record` VALUES ('132', '2', '20110827-074', '2', '100', '2011-08-27 20:51:10');
INSERT INTO `fee_record` VALUES ('133', '2', '20110827-074', '2', '100', '2011-08-27 20:51:10');
INSERT INTO `fee_record` VALUES ('134', '2', '20110827-076', '0', '2', '2011-08-27 21:03:56');
INSERT INTO `fee_record` VALUES ('135', '2', '20110827-077', '2', '10', '2011-08-27 21:11:09');
INSERT INTO `fee_record` VALUES ('136', '2', '20120916-001', '0', '2', '2012-09-16 18:51:59');
INSERT INTO `fee_record` VALUES ('137', '2', '20120916-001', '0', '24', '2012-09-16 18:52:43');

-- ----------------------------
-- Table structure for `project_content`
-- ----------------------------
DROP TABLE IF EXISTS `project_content`;
CREATE TABLE `project_content` (
  `content_id` bigint(20) NOT NULL auto_increment,
  `project_id` bigint(20) NOT NULL,
  `category_number` varchar(10) NOT NULL,
  `content_number` varchar(20) NOT NULL,
  `content_fee` int(11) NOT NULL,
  PRIMARY KEY  (`content_id`)
) ENGINE=InnoDB AUTO_INCREMENT=378 DEFAULT CHARSET=utf8;

-- ----------------------------
-- Records of project_content
-- ----------------------------
INSERT INTO `project_content` VALUES ('13', '7', '3011', '_,_,_,_,3', '2');
INSERT INTO `project_content` VALUES ('14', '7', '3011', '_,_,_,_,4', '2');
INSERT INTO `project_content` VALUES ('15', '7', '3011', '_,_,_,_,5', '2');
INSERT INTO `project_content` VALUES ('16', '7', '305', '8', '18');
INSERT INTO `project_content` VALUES ('17', '7', '305', '9', '20');
INSERT INTO `project_content` VALUES ('18', '7', '305', '10', '18');
INSERT INTO `project_content` VALUES ('19', '8', '3011', '_,_,_,_,3', '2');
INSERT INTO `project_content` VALUES ('20', '8', '3011', '_,_,_,_,4', '2');
INSERT INTO `project_content` VALUES ('21', '8', '304', '13', '150');
INSERT INTO `project_content` VALUES ('22', '8', '304', '14', '150');
INSERT INTO `project_content` VALUES ('23', '8', '304', '15', '146');
INSERT INTO `project_content` VALUES ('24', '9', '3011', '_,_,_,_,3', '2');
INSERT INTO `project_content` VALUES ('25', '9', '3011', '_,_,_,_,4', '2');
INSERT INTO `project_content` VALUES ('26', '9', '312', '1,2,3,3,4', '2');
INSERT INTO `project_content` VALUES ('27', '9', '312', '1,2,3,3,5', '2');
INSERT INTO `project_content` VALUES ('28', '9', '312', '1,2,3,4,4', '2');
INSERT INTO `project_content` VALUES ('29', '9', '312', '1,2,3,4,5', '2');
INSERT INTO `project_content` VALUES ('30', '9', '312', '1,3,3,3,4', '2');
INSERT INTO `project_content` VALUES ('31', '9', '312', '1,3,3,3,5', '2');
INSERT INTO `project_content` VALUES ('32', '9', '312', '1,3,3,4,4', '2');
INSERT INTO `project_content` VALUES ('33', '9', '312', '1,3,3,4,5', '2');
INSERT INTO `project_content` VALUES ('34', '9', '312', '3,2,3,3,4', '2');
INSERT INTO `project_content` VALUES ('35', '9', '312', '3,2,3,3,5', '2');
INSERT INTO `project_content` VALUES ('36', '9', '312', '3,2,3,4,4', '2');
INSERT INTO `project_content` VALUES ('37', '9', '312', '3,2,3,4,5', '2');
INSERT INTO `project_content` VALUES ('38', '9', '312', '3,3,3,3,4', '2');
INSERT INTO `project_content` VALUES ('39', '9', '312', '3,3,3,3,5', '2');
INSERT INTO `project_content` VALUES ('40', '9', '312', '3,3,3,4,4', '2');
INSERT INTO `project_content` VALUES ('41', '9', '312', '3,3,3,4,5', '2');
INSERT INTO `project_content` VALUES ('42', '9', '312', '2,2,3,3,4', '2');
INSERT INTO `project_content` VALUES ('43', '9', '312', '2,2,3,3,5', '2');
INSERT INTO `project_content` VALUES ('44', '9', '312', '2,2,3,4,4', '2');
INSERT INTO `project_content` VALUES ('45', '9', '312', '2,2,3,4,5', '2');
INSERT INTO `project_content` VALUES ('46', '9', '312', '2,3,3,3,4', '2');
INSERT INTO `project_content` VALUES ('47', '9', '312', '2,3,3,3,5', '2');
INSERT INTO `project_content` VALUES ('48', '9', '312', '2,3,3,4,4', '2');
INSERT INTO `project_content` VALUES ('49', '9', '312', '2,3,3,4,5', '2');
INSERT INTO `project_content` VALUES ('50', '10', '312', '1,2,3,4,5', '2');
INSERT INTO `project_content` VALUES ('51', '10', '3012', '_,_,_,4,5', '2');
INSERT INTO `project_content` VALUES ('52', '11', '305', '8', '18');
INSERT INTO `project_content` VALUES ('53', '11', '305', '9', '20');
INSERT INTO `project_content` VALUES ('54', '11', '311', '5', '20');
INSERT INTO `project_content` VALUES ('55', '11', '311', '3', '20');
INSERT INTO `project_content` VALUES ('56', '11', '311', '4', '20');
INSERT INTO `project_content` VALUES ('57', '11', '3013', '_,_,2,4,6', '2');
INSERT INTO `project_content` VALUES ('58', '12', '312', '1,4,7,1,8', '2');
INSERT INTO `project_content` VALUES ('59', '12', '312', '1,4,7,1,4', '2');
INSERT INTO `project_content` VALUES ('60', '12', '312', '1,4,7,1,2', '2');
INSERT INTO `project_content` VALUES ('61', '12', '312', '1,4,7,5,8', '2');
INSERT INTO `project_content` VALUES ('62', '12', '312', '1,4,7,5,4', '2');
INSERT INTO `project_content` VALUES ('63', '12', '312', '1,4,7,5,2', '2');
INSERT INTO `project_content` VALUES ('64', '12', '312', '1,4,7,9,8', '2');
INSERT INTO `project_content` VALUES ('65', '12', '312', '1,4,7,9,4', '2');
INSERT INTO `project_content` VALUES ('66', '12', '312', '1,4,7,9,2', '2');
INSERT INTO `project_content` VALUES ('67', '12', '312', '1,4,8,1,8', '2');
INSERT INTO `project_content` VALUES ('68', '12', '312', '1,4,8,1,4', '2');
INSERT INTO `project_content` VALUES ('69', '12', '312', '1,4,8,1,2', '2');
INSERT INTO `project_content` VALUES ('70', '12', '312', '1,4,8,5,8', '2');
INSERT INTO `project_content` VALUES ('71', '12', '312', '1,4,8,5,4', '2');
INSERT INTO `project_content` VALUES ('72', '12', '312', '1,4,8,5,2', '2');
INSERT INTO `project_content` VALUES ('73', '12', '312', '1,4,8,9,8', '2');
INSERT INTO `project_content` VALUES ('74', '12', '312', '1,4,8,9,4', '2');
INSERT INTO `project_content` VALUES ('75', '12', '312', '1,4,8,9,2', '2');
INSERT INTO `project_content` VALUES ('76', '12', '312', '1,4,3,1,8', '2');
INSERT INTO `project_content` VALUES ('77', '12', '312', '1,4,3,1,4', '2');
INSERT INTO `project_content` VALUES ('78', '12', '312', '1,4,3,1,2', '2');
INSERT INTO `project_content` VALUES ('79', '12', '312', '1,4,3,5,8', '2');
INSERT INTO `project_content` VALUES ('80', '12', '312', '1,4,3,5,4', '2');
INSERT INTO `project_content` VALUES ('81', '12', '312', '1,4,3,5,2', '2');
INSERT INTO `project_content` VALUES ('82', '12', '312', '1,4,3,9,8', '2');
INSERT INTO `project_content` VALUES ('83', '12', '312', '1,4,3,9,4', '2');
INSERT INTO `project_content` VALUES ('84', '12', '312', '1,4,3,9,2', '2');
INSERT INTO `project_content` VALUES ('85', '12', '312', '1,2,7,1,8', '2');
INSERT INTO `project_content` VALUES ('86', '12', '312', '1,2,7,1,4', '2');
INSERT INTO `project_content` VALUES ('87', '12', '312', '1,2,7,1,2', '2');
INSERT INTO `project_content` VALUES ('88', '12', '312', '1,2,7,5,8', '2');
INSERT INTO `project_content` VALUES ('89', '12', '312', '1,2,7,5,4', '2');
INSERT INTO `project_content` VALUES ('90', '12', '312', '1,2,7,5,2', '2');
INSERT INTO `project_content` VALUES ('91', '12', '312', '1,2,7,9,8', '2');
INSERT INTO `project_content` VALUES ('92', '12', '312', '1,2,7,9,4', '2');
INSERT INTO `project_content` VALUES ('93', '12', '312', '1,2,7,9,2', '2');
INSERT INTO `project_content` VALUES ('94', '12', '312', '1,2,8,1,8', '2');
INSERT INTO `project_content` VALUES ('95', '12', '312', '1,2,8,1,4', '2');
INSERT INTO `project_content` VALUES ('96', '12', '312', '1,2,8,1,2', '2');
INSERT INTO `project_content` VALUES ('97', '12', '312', '1,2,8,5,8', '2');
INSERT INTO `project_content` VALUES ('98', '12', '312', '1,2,8,5,4', '2');
INSERT INTO `project_content` VALUES ('99', '12', '312', '1,2,8,5,2', '2');
INSERT INTO `project_content` VALUES ('100', '12', '312', '1,2,8,9,8', '2');
INSERT INTO `project_content` VALUES ('101', '12', '312', '1,2,8,9,4', '2');
INSERT INTO `project_content` VALUES ('102', '12', '312', '1,2,8,9,2', '2');
INSERT INTO `project_content` VALUES ('103', '12', '312', '1,2,3,1,8', '2');
INSERT INTO `project_content` VALUES ('104', '12', '312', '1,2,3,1,4', '2');
INSERT INTO `project_content` VALUES ('105', '12', '312', '1,2,3,1,2', '2');
INSERT INTO `project_content` VALUES ('106', '12', '312', '1,2,3,5,8', '2');
INSERT INTO `project_content` VALUES ('107', '12', '312', '1,2,3,5,4', '2');
INSERT INTO `project_content` VALUES ('108', '12', '312', '1,2,3,5,2', '2');
INSERT INTO `project_content` VALUES ('109', '12', '312', '1,2,3,9,8', '2');
INSERT INTO `project_content` VALUES ('110', '12', '312', '1,2,3,9,4', '2');
INSERT INTO `project_content` VALUES ('111', '12', '312', '1,2,3,9,2', '2');
INSERT INTO `project_content` VALUES ('112', '12', '312', '1,6,7,1,8', '2');
INSERT INTO `project_content` VALUES ('113', '12', '312', '1,6,7,1,4', '2');
INSERT INTO `project_content` VALUES ('114', '12', '312', '1,6,7,1,2', '2');
INSERT INTO `project_content` VALUES ('115', '12', '312', '1,6,7,5,8', '2');
INSERT INTO `project_content` VALUES ('116', '12', '312', '1,6,7,5,4', '2');
INSERT INTO `project_content` VALUES ('117', '12', '312', '1,6,7,5,2', '2');
INSERT INTO `project_content` VALUES ('118', '12', '312', '1,6,7,9,8', '2');
INSERT INTO `project_content` VALUES ('119', '12', '312', '1,6,7,9,4', '2');
INSERT INTO `project_content` VALUES ('120', '12', '312', '1,6,7,9,2', '2');
INSERT INTO `project_content` VALUES ('121', '12', '312', '1,6,8,1,8', '2');
INSERT INTO `project_content` VALUES ('122', '12', '312', '1,6,8,1,4', '2');
INSERT INTO `project_content` VALUES ('123', '12', '312', '1,6,8,1,2', '2');
INSERT INTO `project_content` VALUES ('124', '12', '312', '1,6,8,5,8', '2');
INSERT INTO `project_content` VALUES ('125', '12', '312', '1,6,8,5,4', '2');
INSERT INTO `project_content` VALUES ('126', '12', '312', '1,6,8,5,2', '2');
INSERT INTO `project_content` VALUES ('127', '12', '312', '1,6,8,9,8', '2');
INSERT INTO `project_content` VALUES ('128', '12', '312', '1,6,8,9,4', '2');
INSERT INTO `project_content` VALUES ('129', '12', '312', '1,6,8,9,2', '2');
INSERT INTO `project_content` VALUES ('130', '12', '312', '1,6,3,1,8', '2');
INSERT INTO `project_content` VALUES ('131', '12', '312', '1,6,3,1,4', '2');
INSERT INTO `project_content` VALUES ('132', '12', '312', '1,6,3,1,2', '2');
INSERT INTO `project_content` VALUES ('133', '12', '312', '1,6,3,5,8', '2');
INSERT INTO `project_content` VALUES ('134', '12', '312', '1,6,3,5,4', '2');
INSERT INTO `project_content` VALUES ('135', '12', '312', '1,6,3,5,2', '2');
INSERT INTO `project_content` VALUES ('136', '12', '312', '1,6,3,9,8', '2');
INSERT INTO `project_content` VALUES ('137', '12', '312', '1,6,3,9,4', '2');
INSERT INTO `project_content` VALUES ('138', '12', '312', '1,6,3,9,2', '2');
INSERT INTO `project_content` VALUES ('139', '12', '312', '3,4,7,1,8', '2');
INSERT INTO `project_content` VALUES ('140', '12', '312', '3,4,7,1,4', '2');
INSERT INTO `project_content` VALUES ('141', '12', '312', '3,4,7,1,2', '2');
INSERT INTO `project_content` VALUES ('142', '12', '312', '3,4,7,5,8', '2');
INSERT INTO `project_content` VALUES ('143', '12', '312', '3,4,7,5,4', '2');
INSERT INTO `project_content` VALUES ('144', '12', '312', '3,4,7,5,2', '2');
INSERT INTO `project_content` VALUES ('145', '12', '312', '3,4,7,9,8', '2');
INSERT INTO `project_content` VALUES ('146', '12', '312', '3,4,7,9,4', '2');
INSERT INTO `project_content` VALUES ('147', '12', '312', '3,4,7,9,2', '2');
INSERT INTO `project_content` VALUES ('148', '12', '312', '3,4,8,1,8', '2');
INSERT INTO `project_content` VALUES ('149', '12', '312', '3,4,8,1,4', '2');
INSERT INTO `project_content` VALUES ('150', '12', '312', '3,4,8,1,2', '2');
INSERT INTO `project_content` VALUES ('151', '12', '312', '3,4,8,5,8', '2');
INSERT INTO `project_content` VALUES ('152', '12', '312', '3,4,8,5,4', '2');
INSERT INTO `project_content` VALUES ('153', '12', '312', '3,4,8,5,2', '2');
INSERT INTO `project_content` VALUES ('154', '12', '312', '3,4,8,9,8', '2');
INSERT INTO `project_content` VALUES ('155', '12', '312', '3,4,8,9,4', '2');
INSERT INTO `project_content` VALUES ('156', '12', '312', '3,4,8,9,2', '2');
INSERT INTO `project_content` VALUES ('157', '12', '312', '3,4,3,1,8', '2');
INSERT INTO `project_content` VALUES ('158', '12', '312', '3,4,3,1,4', '2');
INSERT INTO `project_content` VALUES ('159', '12', '312', '3,4,3,1,2', '2');
INSERT INTO `project_content` VALUES ('160', '12', '312', '3,4,3,5,8', '2');
INSERT INTO `project_content` VALUES ('161', '12', '312', '3,4,3,5,4', '2');
INSERT INTO `project_content` VALUES ('162', '12', '312', '3,4,3,5,2', '2');
INSERT INTO `project_content` VALUES ('163', '12', '312', '3,4,3,9,8', '2');
INSERT INTO `project_content` VALUES ('164', '12', '312', '3,4,3,9,4', '2');
INSERT INTO `project_content` VALUES ('165', '12', '312', '3,4,3,9,2', '2');
INSERT INTO `project_content` VALUES ('166', '12', '312', '3,2,7,1,8', '2');
INSERT INTO `project_content` VALUES ('167', '12', '312', '3,2,7,1,4', '2');
INSERT INTO `project_content` VALUES ('168', '12', '312', '3,2,7,1,2', '2');
INSERT INTO `project_content` VALUES ('169', '12', '312', '3,2,7,5,8', '2');
INSERT INTO `project_content` VALUES ('170', '12', '312', '3,2,7,5,4', '2');
INSERT INTO `project_content` VALUES ('171', '12', '312', '3,2,7,5,2', '2');
INSERT INTO `project_content` VALUES ('172', '12', '312', '3,2,7,9,8', '2');
INSERT INTO `project_content` VALUES ('173', '12', '312', '3,2,7,9,4', '2');
INSERT INTO `project_content` VALUES ('174', '12', '312', '3,2,7,9,2', '2');
INSERT INTO `project_content` VALUES ('175', '12', '312', '3,2,8,1,8', '2');
INSERT INTO `project_content` VALUES ('176', '12', '312', '3,2,8,1,4', '2');
INSERT INTO `project_content` VALUES ('177', '12', '312', '3,2,8,1,2', '2');
INSERT INTO `project_content` VALUES ('178', '12', '312', '3,2,8,5,8', '2');
INSERT INTO `project_content` VALUES ('179', '12', '312', '3,2,8,5,4', '2');
INSERT INTO `project_content` VALUES ('180', '12', '312', '3,2,8,5,2', '2');
INSERT INTO `project_content` VALUES ('181', '12', '312', '3,2,8,9,8', '2');
INSERT INTO `project_content` VALUES ('182', '12', '312', '3,2,8,9,4', '2');
INSERT INTO `project_content` VALUES ('183', '12', '312', '3,2,8,9,2', '2');
INSERT INTO `project_content` VALUES ('184', '12', '312', '3,2,3,1,8', '2');
INSERT INTO `project_content` VALUES ('185', '12', '312', '3,2,3,1,4', '2');
INSERT INTO `project_content` VALUES ('186', '12', '312', '3,2,3,1,2', '2');
INSERT INTO `project_content` VALUES ('187', '12', '312', '3,2,3,5,8', '2');
INSERT INTO `project_content` VALUES ('188', '12', '312', '3,2,3,5,4', '2');
INSERT INTO `project_content` VALUES ('189', '12', '312', '3,2,3,5,2', '2');
INSERT INTO `project_content` VALUES ('190', '12', '312', '3,2,3,9,8', '2');
INSERT INTO `project_content` VALUES ('191', '12', '312', '3,2,3,9,4', '2');
INSERT INTO `project_content` VALUES ('192', '12', '312', '3,2,3,9,2', '2');
INSERT INTO `project_content` VALUES ('193', '12', '312', '3,6,7,1,8', '2');
INSERT INTO `project_content` VALUES ('194', '12', '312', '3,6,7,1,4', '2');
INSERT INTO `project_content` VALUES ('195', '12', '312', '3,6,7,1,2', '2');
INSERT INTO `project_content` VALUES ('196', '12', '312', '3,6,7,5,8', '2');
INSERT INTO `project_content` VALUES ('197', '12', '312', '3,6,7,5,4', '2');
INSERT INTO `project_content` VALUES ('198', '12', '312', '3,6,7,5,2', '2');
INSERT INTO `project_content` VALUES ('199', '12', '312', '3,6,7,9,8', '2');
INSERT INTO `project_content` VALUES ('200', '12', '312', '3,6,7,9,4', '2');
INSERT INTO `project_content` VALUES ('201', '12', '312', '3,6,7,9,2', '2');
INSERT INTO `project_content` VALUES ('202', '12', '312', '3,6,8,1,8', '2');
INSERT INTO `project_content` VALUES ('203', '12', '312', '3,6,8,1,4', '2');
INSERT INTO `project_content` VALUES ('204', '12', '312', '3,6,8,1,2', '2');
INSERT INTO `project_content` VALUES ('205', '12', '312', '3,6,8,5,8', '2');
INSERT INTO `project_content` VALUES ('206', '12', '312', '3,6,8,5,4', '2');
INSERT INTO `project_content` VALUES ('207', '12', '312', '3,6,8,5,2', '2');
INSERT INTO `project_content` VALUES ('208', '12', '312', '3,6,8,9,8', '2');
INSERT INTO `project_content` VALUES ('209', '12', '312', '3,6,8,9,4', '2');
INSERT INTO `project_content` VALUES ('210', '12', '312', '3,6,8,9,2', '2');
INSERT INTO `project_content` VALUES ('211', '12', '312', '3,6,3,1,8', '2');
INSERT INTO `project_content` VALUES ('212', '12', '312', '3,6,3,1,4', '2');
INSERT INTO `project_content` VALUES ('213', '12', '312', '3,6,3,1,2', '2');
INSERT INTO `project_content` VALUES ('214', '12', '312', '3,6,3,5,8', '2');
INSERT INTO `project_content` VALUES ('215', '12', '312', '3,6,3,5,4', '2');
INSERT INTO `project_content` VALUES ('216', '12', '312', '3,6,3,5,2', '2');
INSERT INTO `project_content` VALUES ('217', '12', '312', '3,6,3,9,8', '2');
INSERT INTO `project_content` VALUES ('218', '12', '312', '3,6,3,9,4', '2');
INSERT INTO `project_content` VALUES ('219', '12', '312', '3,6,3,9,2', '2');
INSERT INTO `project_content` VALUES ('220', '12', '312', '4,4,7,1,8', '2');
INSERT INTO `project_content` VALUES ('221', '12', '312', '4,4,7,1,4', '2');
INSERT INTO `project_content` VALUES ('222', '12', '312', '4,4,7,1,2', '2');
INSERT INTO `project_content` VALUES ('223', '12', '312', '4,4,7,5,8', '2');
INSERT INTO `project_content` VALUES ('224', '12', '312', '4,4,7,5,4', '2');
INSERT INTO `project_content` VALUES ('225', '12', '312', '4,4,7,5,2', '2');
INSERT INTO `project_content` VALUES ('226', '12', '312', '4,4,7,9,8', '2');
INSERT INTO `project_content` VALUES ('227', '12', '312', '4,4,7,9,4', '2');
INSERT INTO `project_content` VALUES ('228', '12', '312', '4,4,7,9,2', '2');
INSERT INTO `project_content` VALUES ('229', '12', '312', '4,4,8,1,8', '2');
INSERT INTO `project_content` VALUES ('230', '12', '312', '4,4,8,1,4', '2');
INSERT INTO `project_content` VALUES ('231', '12', '312', '4,4,8,1,2', '2');
INSERT INTO `project_content` VALUES ('232', '12', '312', '4,4,8,5,8', '2');
INSERT INTO `project_content` VALUES ('233', '12', '312', '4,4,8,5,4', '2');
INSERT INTO `project_content` VALUES ('234', '12', '312', '4,4,8,5,2', '2');
INSERT INTO `project_content` VALUES ('235', '12', '312', '4,4,8,9,8', '2');
INSERT INTO `project_content` VALUES ('236', '12', '312', '4,4,8,9,4', '2');
INSERT INTO `project_content` VALUES ('237', '12', '312', '4,4,8,9,2', '2');
INSERT INTO `project_content` VALUES ('238', '12', '312', '4,4,3,1,8', '2');
INSERT INTO `project_content` VALUES ('239', '12', '312', '4,4,3,1,4', '2');
INSERT INTO `project_content` VALUES ('240', '12', '312', '4,4,3,1,2', '2');
INSERT INTO `project_content` VALUES ('241', '12', '312', '4,4,3,5,8', '2');
INSERT INTO `project_content` VALUES ('242', '12', '312', '4,4,3,5,4', '2');
INSERT INTO `project_content` VALUES ('243', '12', '312', '4,4,3,5,2', '2');
INSERT INTO `project_content` VALUES ('244', '12', '312', '4,4,3,9,8', '2');
INSERT INTO `project_content` VALUES ('245', '12', '312', '4,4,3,9,4', '2');
INSERT INTO `project_content` VALUES ('246', '12', '312', '4,4,3,9,2', '2');
INSERT INTO `project_content` VALUES ('247', '12', '312', '4,2,7,1,8', '2');
INSERT INTO `project_content` VALUES ('248', '12', '312', '4,2,7,1,4', '2');
INSERT INTO `project_content` VALUES ('249', '12', '312', '4,2,7,1,2', '2');
INSERT INTO `project_content` VALUES ('250', '12', '312', '4,2,7,5,8', '2');
INSERT INTO `project_content` VALUES ('251', '12', '312', '4,2,7,5,4', '2');
INSERT INTO `project_content` VALUES ('252', '12', '312', '4,2,7,5,2', '2');
INSERT INTO `project_content` VALUES ('253', '12', '312', '4,2,7,9,8', '2');
INSERT INTO `project_content` VALUES ('254', '12', '312', '4,2,7,9,4', '2');
INSERT INTO `project_content` VALUES ('255', '12', '312', '4,2,7,9,2', '2');
INSERT INTO `project_content` VALUES ('256', '12', '312', '4,2,8,1,8', '2');
INSERT INTO `project_content` VALUES ('257', '12', '312', '4,2,8,1,4', '2');
INSERT INTO `project_content` VALUES ('258', '12', '312', '4,2,8,1,2', '2');
INSERT INTO `project_content` VALUES ('259', '12', '312', '4,2,8,5,8', '2');
INSERT INTO `project_content` VALUES ('260', '12', '312', '4,2,8,5,4', '2');
INSERT INTO `project_content` VALUES ('261', '12', '312', '4,2,8,5,2', '2');
INSERT INTO `project_content` VALUES ('262', '12', '312', '4,2,8,9,8', '2');
INSERT INTO `project_content` VALUES ('263', '12', '312', '4,2,8,9,4', '2');
INSERT INTO `project_content` VALUES ('264', '12', '312', '4,2,8,9,2', '2');
INSERT INTO `project_content` VALUES ('265', '12', '312', '4,2,3,1,8', '2');
INSERT INTO `project_content` VALUES ('266', '12', '312', '4,2,3,1,4', '2');
INSERT INTO `project_content` VALUES ('267', '12', '312', '4,2,3,1,2', '2');
INSERT INTO `project_content` VALUES ('268', '12', '312', '4,2,3,5,8', '2');
INSERT INTO `project_content` VALUES ('269', '12', '312', '4,2,3,5,4', '2');
INSERT INTO `project_content` VALUES ('270', '12', '312', '4,2,3,5,2', '2');
INSERT INTO `project_content` VALUES ('271', '12', '312', '4,2,3,9,8', '2');
INSERT INTO `project_content` VALUES ('272', '12', '312', '4,2,3,9,4', '2');
INSERT INTO `project_content` VALUES ('273', '12', '312', '4,2,3,9,2', '2');
INSERT INTO `project_content` VALUES ('274', '12', '312', '4,6,7,1,8', '2');
INSERT INTO `project_content` VALUES ('275', '12', '312', '4,6,7,1,4', '2');
INSERT INTO `project_content` VALUES ('276', '12', '312', '4,6,7,1,2', '2');
INSERT INTO `project_content` VALUES ('277', '12', '312', '4,6,7,5,8', '2');
INSERT INTO `project_content` VALUES ('278', '12', '312', '4,6,7,5,4', '2');
INSERT INTO `project_content` VALUES ('279', '12', '312', '4,6,7,5,2', '2');
INSERT INTO `project_content` VALUES ('280', '12', '312', '4,6,7,9,8', '2');
INSERT INTO `project_content` VALUES ('281', '12', '312', '4,6,7,9,4', '2');
INSERT INTO `project_content` VALUES ('282', '12', '312', '4,6,7,9,2', '2');
INSERT INTO `project_content` VALUES ('283', '12', '312', '4,6,8,1,8', '2');
INSERT INTO `project_content` VALUES ('284', '12', '312', '4,6,8,1,4', '2');
INSERT INTO `project_content` VALUES ('285', '12', '312', '4,6,8,1,2', '2');
INSERT INTO `project_content` VALUES ('286', '12', '312', '4,6,8,5,8', '2');
INSERT INTO `project_content` VALUES ('287', '12', '312', '4,6,8,5,4', '2');
INSERT INTO `project_content` VALUES ('288', '12', '312', '4,6,8,5,2', '2');
INSERT INTO `project_content` VALUES ('289', '12', '312', '4,6,8,9,8', '2');
INSERT INTO `project_content` VALUES ('290', '12', '312', '4,6,8,9,4', '2');
INSERT INTO `project_content` VALUES ('291', '12', '312', '4,6,8,9,2', '2');
INSERT INTO `project_content` VALUES ('292', '12', '312', '4,6,3,1,8', '2');
INSERT INTO `project_content` VALUES ('293', '12', '312', '4,6,3,1,4', '2');
INSERT INTO `project_content` VALUES ('294', '12', '312', '4,6,3,1,2', '2');
INSERT INTO `project_content` VALUES ('295', '12', '312', '4,6,3,5,8', '2');
INSERT INTO `project_content` VALUES ('296', '12', '312', '4,6,3,5,4', '2');
INSERT INTO `project_content` VALUES ('297', '12', '312', '4,6,3,5,2', '2');
INSERT INTO `project_content` VALUES ('298', '12', '312', '4,6,3,9,8', '2');
INSERT INTO `project_content` VALUES ('299', '12', '312', '4,6,3,9,4', '2');
INSERT INTO `project_content` VALUES ('300', '12', '312', '4,6,3,9,2', '2');
INSERT INTO `project_content` VALUES ('301', '13', '305', '9', '20');
INSERT INTO `project_content` VALUES ('302', '13', '304', '13', '150');
INSERT INTO `project_content` VALUES ('303', '13', '312', '1,2,3,4,5', '2');
INSERT INTO `project_content` VALUES ('304', '13', '318', '14', '30');
INSERT INTO `project_content` VALUES ('305', '13', '317', '4', '110');
INSERT INTO `project_content` VALUES ('306', '13', '315', '3,4,5', '12');
INSERT INTO `project_content` VALUES ('307', '13', '319', '2,3,4', '12');
INSERT INTO `project_content` VALUES ('308', '13', '314', '_,_,2,3,4', '2');
INSERT INTO `project_content` VALUES ('309', '13', '3011', '_,_,_,_,2', '2');
INSERT INTO `project_content` VALUES ('310', '13', '3012', '_,_,_,3,2', '2');
INSERT INTO `project_content` VALUES ('311', '13', '3013', '_,_,3,2,1', '2');
INSERT INTO `project_content` VALUES ('312', '13', '3015', '2,3,4,5,6', '2');
INSERT INTO `project_content` VALUES ('313', '13', '306', '1,5', '2');
INSERT INTO `project_content` VALUES ('314', '13', '307', '_,_,_,3,4', '2');
INSERT INTO `project_content` VALUES ('315', '13', '309', '_,_,_,4,5', '2');
INSERT INTO `project_content` VALUES ('316', '13', '310', '9', '10');
INSERT INTO `project_content` VALUES ('317', '13', '311', '5', '20');
INSERT INTO `project_content` VALUES ('318', '14', '305', '9', '20');
INSERT INTO `project_content` VALUES ('319', '15', '305', '3', '8');
INSERT INTO `project_content` VALUES ('320', '16', '304', '6', '56');
INSERT INTO `project_content` VALUES ('321', '17', '312', '1,2,3,4,5', '2');
INSERT INTO `project_content` VALUES ('322', '18', '318', '6', '14');
INSERT INTO `project_content` VALUES ('323', '19', '317', '1,2', '20');
INSERT INTO `project_content` VALUES ('324', '19', '314', '_,_,1,2,3', '2');
INSERT INTO `project_content` VALUES ('325', '19', '315', '1,2,3', '12');
INSERT INTO `project_content` VALUES ('326', '19', '319', '1,2,3', '12');
INSERT INTO `project_content` VALUES ('327', '20', '3011', '_,_,_,_,1', '2');
INSERT INTO `project_content` VALUES ('328', '20', '3012', '_,_,_,2,1', '2');
INSERT INTO `project_content` VALUES ('329', '20', '3013', '_,_,3,2,1', '2');
INSERT INTO `project_content` VALUES ('330', '20', '3015', '5,4,3,2,1', '2');
INSERT INTO `project_content` VALUES ('331', '20', '306', '1,1', '2');
INSERT INTO `project_content` VALUES ('332', '20', '306', '4,5', '2');
INSERT INTO `project_content` VALUES ('333', '20', '307', '_,_,_,1,2', '2');
INSERT INTO `project_content` VALUES ('334', '20', '309', '_,_,_,2,1', '2');
INSERT INTO `project_content` VALUES ('335', '20', '310', '3', '4');
INSERT INTO `project_content` VALUES ('336', '20', '311', '1', '20');
INSERT INTO `project_content` VALUES ('337', '21', '3011', '_,_,_,_,1', '2');
INSERT INTO `project_content` VALUES ('338', '22', '312', '5,4,3,2,1', '2');
INSERT INTO `project_content` VALUES ('339', '23', '3011', '_,_,_,_,1', '2');
INSERT INTO `project_content` VALUES ('340', '23', '3012', '_,_,_,2,1', '2');
INSERT INTO `project_content` VALUES ('341', '23', '3013', '_,_,3,2,1', '2');
INSERT INTO `project_content` VALUES ('342', '23', '3015', '5,4,3,2,1', '2');
INSERT INTO `project_content` VALUES ('343', '23', '306', '1,1', '2');
INSERT INTO `project_content` VALUES ('344', '23', '306', '4,5', '2');
INSERT INTO `project_content` VALUES ('345', '23', '307', '_,_,_,1,2', '2');
INSERT INTO `project_content` VALUES ('346', '23', '309', '_,_,_,2,1', '2');
INSERT INTO `project_content` VALUES ('347', '23', '310', '3', '4');
INSERT INTO `project_content` VALUES ('348', '23', '311', '3', '20');
INSERT INTO `project_content` VALUES ('349', '24', '3015', '5,4,3,2,1', '2');
INSERT INTO `project_content` VALUES ('350', '25', '3011', '_,_,_,_,3', '2');
INSERT INTO `project_content` VALUES ('351', '25', '3012', '_,_,_,4,2', '2');
INSERT INTO `project_content` VALUES ('352', '25', '312', '5,4,3,2,1', '2');
INSERT INTO `project_content` VALUES ('353', '25', '305', '10', '18');
INSERT INTO `project_content` VALUES ('354', '25', '306', '1,1', '2');
INSERT INTO `project_content` VALUES ('355', '25', '309', '_,_,_,3,5', '2');
INSERT INTO `project_content` VALUES ('356', '25', '319', '2,3,4', '12');
INSERT INTO `project_content` VALUES ('357', '26', '3011', '_,_,_,_,1', '2');
INSERT INTO `project_content` VALUES ('358', '26', '3012', '_,_,_,2,1', '2');
INSERT INTO `project_content` VALUES ('359', '26', '3013', '_,_,3,2,1', '2');
INSERT INTO `project_content` VALUES ('360', '26', '3015', '5,4,3,2,1', '2');
INSERT INTO `project_content` VALUES ('361', '26', '305', '3', '8');
INSERT INTO `project_content` VALUES ('362', '26', '304', '6', '56');
INSERT INTO `project_content` VALUES ('363', '26', '312', '5,4,3,2,1', '2');
INSERT INTO `project_content` VALUES ('364', '26', '318', '6', '14');
INSERT INTO `project_content` VALUES ('365', '26', '317', '2,1', '20');
INSERT INTO `project_content` VALUES ('366', '26', '315', '1,2,3', '12');
INSERT INTO `project_content` VALUES ('367', '26', '319', '1,2,3', '12');
INSERT INTO `project_content` VALUES ('368', '26', '314', '_,_,1,2,3', '2');
INSERT INTO `project_content` VALUES ('369', '26', '306', '1,1', '2');
INSERT INTO `project_content` VALUES ('370', '26', '306', '4,5', '2');
INSERT INTO `project_content` VALUES ('371', '26', '307', '_,_,_,1,2', '2');
INSERT INTO `project_content` VALUES ('372', '26', '309', '_,_,_,2,1', '2');
INSERT INTO `project_content` VALUES ('373', '26', '310', '3', '4');
INSERT INTO `project_content` VALUES ('374', '26', '311', '1', '20');
INSERT INTO `project_content` VALUES ('375', '27', '3011', '_,_,_,_,1', '2');
INSERT INTO `project_content` VALUES ('376', '28', '3011', '_,_,_,_,3', '2');
INSERT INTO `project_content` VALUES ('377', '29', '316', '3,5,7,8', '8');

-- ----------------------------
-- Table structure for `project_record`
-- ----------------------------
DROP TABLE IF EXISTS `project_record`;
CREATE TABLE `project_record` (
  `project_id` bigint(20) NOT NULL auto_increment,
  `u_id` bigint(20) NOT NULL,
  `project_fee` bigint(20) NOT NULL,
  `project_betCounts` int(11) default NULL,
  `project_status` int(11) default NULL,
  `project_stop` int(11) default NULL,
  `project_date` datetime default NULL,
  PRIMARY KEY  (`project_id`)
) ENGINE=InnoDB AUTO_INCREMENT=30 DEFAULT CHARSET=utf8;

-- ----------------------------
-- Records of project_record
-- ----------------------------
INSERT INTO `project_record` VALUES ('7', '1', '62', '31', '1', '1', '2011-08-24 21:28:17');
INSERT INTO `project_record` VALUES ('8', '1', '2700', '225', '1', '1', '2011-08-24 21:48:05');
INSERT INTO `project_record` VALUES ('9', '1', '52', '26', '1', '1', '2011-08-25 21:14:56');
INSERT INTO `project_record` VALUES ('10', '1', '36', '2', '1', '1', '2011-08-26 09:59:57');
INSERT INTO `project_record` VALUES ('11', '1', '800', '50', '1', '1', '2011-08-26 14:47:50');
INSERT INTO `project_record` VALUES ('12', '1', '4374', '243', '1', '1', '2011-08-26 18:03:26');
INSERT INTO `project_record` VALUES ('13', '1', '1910', '191', '1', '1', '2011-08-26 20:35:58');
INSERT INTO `project_record` VALUES ('14', '2', '20', '10', '1', '0', '2011-08-27 11:48:09');
INSERT INTO `project_record` VALUES ('15', '2', '8', '4', '1', '0', '2011-08-27 11:57:17');
INSERT INTO `project_record` VALUES ('16', '2', '56', '28', '1', '0', '2011-08-27 11:57:29');
INSERT INTO `project_record` VALUES ('17', '2', '2', '1', '1', '0', '2011-08-27 11:58:01');
INSERT INTO `project_record` VALUES ('18', '2', '14', '7', '1', '0', '2011-08-27 11:58:33');
INSERT INTO `project_record` VALUES ('19', '2', '46', '23', '1', '0', '2011-08-27 11:59:48');
INSERT INTO `project_record` VALUES ('20', '2', '40', '20', '1', '0', '2011-08-27 12:02:04');
INSERT INTO `project_record` VALUES ('21', '2', '2', '1', '1', '0', '2011-08-27 12:13:22');
INSERT INTO `project_record` VALUES ('22', '2', '4', '1', '1', '0', '2011-08-27 12:19:46');
INSERT INTO `project_record` VALUES ('23', '2', '280', '20', '1', '1', '2011-08-27 14:23:58');
INSERT INTO `project_record` VALUES ('24', '2', '2', '1', '1', '0', '2011-08-27 15:19:29');
INSERT INTO `project_record` VALUES ('25', '2', '200', '20', '1', '1', '2011-08-27 19:54:51');
INSERT INTO `project_record` VALUES ('26', '2', '1660', '83', '1', '1', '2011-08-27 20:06:51');
INSERT INTO `project_record` VALUES ('27', '2', '2', '1', '1', '0', '2011-08-27 21:03:56');
INSERT INTO `project_record` VALUES ('28', '2', '2', '1', '1', '0', '2012-09-16 18:51:59');
INSERT INTO `project_record` VALUES ('29', '2', '24', '4', '1', '1', '2012-09-16 18:52:44');

-- ----------------------------
-- Table structure for `test`
-- ----------------------------
DROP TABLE IF EXISTS `test`;
CREATE TABLE `test` (
  `id` int(11) NOT NULL,
  `count` int(11) default NULL,
  `date` datetime default NULL,
  `content` varchar(20) default NULL,
  PRIMARY KEY  (`id`)
) ENGINE=InnoDB DEFAULT CHARSET=utf8;

-- ----------------------------
-- Records of test
-- ----------------------------
INSERT INTO `test` VALUES ('1', '32', '2011-08-15 21:20:24', '1,2,3,4,567');
INSERT INTO `test` VALUES ('2', '10', '2011-08-15 21:40:33', '12345');
INSERT INTO `test` VALUES ('3', '10', '2011-08-15 21:20:24', '12345');
INSERT INTO `test` VALUES ('4', '10', '2011-08-15 21:20:24', '12345');
INSERT INTO `test` VALUES ('5', '10', '2011-08-15 21:40:33', '12345');
INSERT INTO `test` VALUES ('6', '10', '2011-08-15 21:20:24', '12345');

-- ----------------------------
-- Table structure for `user_info`
-- ----------------------------
DROP TABLE IF EXISTS `user_info`;
CREATE TABLE `user_info` (
  `u_id` bigint(20) NOT NULL auto_increment,
  `u_loginname` varchar(20) NOT NULL,
  `u_password` varchar(40) NOT NULL,
  `u_name` varchar(20) default NULL,
  `u_identifynum` varchar(20) default NULL,
  `u_phone` varchar(20) default NULL,
  `u_qq` varchar(20) default NULL,
  `u_qqmail` varchar(20) default NULL,
  `u_yue` bigint(20) default NULL,
  `u_date` datetime default NULL,
  PRIMARY KEY  (`u_id`)
) ENGINE=InnoDB AUTO_INCREMENT=3 DEFAULT CHARSET=utf8;

-- ----------------------------
-- Records of user_info
-- ----------------------------
INSERT INTO `user_info` VALUES ('1', 'lqf', 'lqf', '', '388888888888', '138888888888', '652441386', '652441386@qq.com', '999990065', '2011-07-02 00:00:00');
INSERT INTO `user_info` VALUES ('2', 'abc', 'abc', 'abc', 'abc', '123', '', null, '1377658', '2011-08-26 17:08:30');
